time_left_game,score_diff,tau_wp,b_hat,b_hat_se,cell_count,cell_density,tau_sensitivity,abs_difference,supported,tau_wp_sign,tau_sensitivity_sign,sign_flip,time_band
30.0,-7.0,0.0139806422715385,-0.0008693949203006,0.0002953291113954,448,79.64444444444445,0.0148500371918391,0.0008693949203006004,True,positive,positive,False,30_60
30.0,-6.0,0.0147644498695929,-0.003831495065242,0.0002975937677547,469,83.37777777777778,0.0185959449348349,0.003831495065242,True,positive,positive,False,30_60
30.0,-5.0,0.0153282390286525,-0.0012882405426353,0.0003086601209361,447,79.46666666666667,0.0166164795712878,0.001288240542635299,True,positive,positive,False,30_60
30.0,-4.0,0.0105281436505417,-0.0034996643662452,0.0003201802901457,418,74.31111111111112,0.014027808016786901,0.0034996643662452004,True,positive,positive,False,30_60
30.0,-3.0,0.0073303903142611,-0.0170614216476678,0.000340935162967,462,82.13333333333334,0.0243918119619289,0.0170614216476678,True,positive,positive,False,30_60
30.0,-2.0,0.0087719225945572,-0.0021687219850718,0.0003515857679303,450,80.0,0.010940644579629,0.0021687219850718004,True,positive,positive,False,30_60
30.0,-1.0,0.0103982475896676,0.0009883071761578,0.000356710224878,477,84.8,0.009409940413509801,0.0009883071761577992,True,positive,positive,False,30_60
30.0,0.0,0.0009027698154871,-0.0009191250428557,0.0003623187949415,526,93.5111111111111,0.0018218948583428002,0.0009191250428557001,True,positive,positive,False,30_60
30.0,1.0,0.0015061926145184,-0.0092761730775237,0.0003539796161931,376,66.84444444444445,0.0107823656920421,0.0092761730775237,True,positive,positive,False,30_60
30.0,2.0,-0.0001132464240072,0.0082752127200365,0.0003436629485804,375,66.66666666666667,-0.0083884591440437,0.0082752127200365,True,negative,negative,False,30_60
30.0,3.0,-0.0025094936136156,0.0013919250341132,0.0003296215436421,334,59.37777777777778,-0.0039014186477287997,0.0013919250341131997,True,negative,negative,False,30_60
30.0,4.0,0.0017035175502921,0.0104532185941934,0.0003134621074423,288,51.2,-0.0087497010439013,0.0104532185941934,True,positive,negative,True,30_60
30.0,5.0,0.0008109186116295,0.0079658161848783,0.0003038388676941,244,43.37777777777778,-0.007154897573248801,0.0079658161848783,True,positive,negative,True,30_60
30.0,6.0,-0.0003966115376291,0.0017546797171235,0.0002969166671391,199,35.37777777777778,-0.0021512912547526,0.0017546797171235002,True,negative,negative,False,30_60
30.0,7.0,-0.0008103266785231,0.0031031710095703,0.0002954707597382,159,28.266666666666666,-0.0039134976880934,0.0031031710095703003,True,negative,negative,False,30_60
41.25,-7.0,0.007701223095258,0.005226443833732289,0.00029927214306870966,696,61.86666666666667,0.0024747792615257115,0.005226443833732289,True,positive,positive,False,30_60
41.25,-6.0,0.0070179801744719,0.0012518146687073369,0.00030042822382155395,707,62.84444444444444,0.005766165505764562,0.0012518146687073373,True,positive,positive,False,30_60
41.25,-5.0,0.0067299008369445,0.0040074494489973555,0.0003118469650265147,685,60.888888888888886,0.0027224513879471448,0.0040074494489973555,True,positive,positive,False,30_60
41.25,-4.0,0.0059489292713503,0.0025492865923905043,0.0003239711401888848,753,66.93333333333334,0.003399642678959796,0.0025492865923905043,True,positive,positive,False,30_60
41.25,-3.0,0.0048058038034165,-0.010837873460468776,0.0003428746241668693,687,61.06666666666667,0.015643677263885276,0.010837873460468776,True,positive,positive,False,30_60
41.25,-2.0,0.0050369884896402,0.0005783154063927765,0.00035467223864775265,776,68.97777777777777,0.0044586730832474235,0.0005783154063927765,True,positive,positive,False,30_60
41.25,-1.0,0.0063021647899101,0.005828688023635177,0.00036034650104352974,772,68.62222222222222,0.00047347676627492244,0.005828688023635177,True,positive,positive,False,30_60
41.25,0.0,0.0021352355446045,0.0013961635101582773,0.0003660324949349511,805,71.55555555555556,0.0007390720344462227,0.0013961635101582773,True,positive,positive,False,30_60
41.25,1.0,-0.0010091837417955,-0.006450212858289974,0.00035776749189057064,680,60.44444444444444,0.005441029116494474,0.006450212858289974,True,negative,positive,True,30_60
41.25,2.0,-0.0023444244870916,0.010942616300676378,0.00034741618459288673,650,57.77777777777778,-0.01328704078776798,0.010942616300676378,True,negative,negative,False,30_60
41.25,3.0,-0.003674020525068,0.004548605684164502,0.0003319829472070355,678,60.266666666666666,-0.008222626209232501,0.004548605684164502,True,negative,negative,False,30_60
41.25,4.0,0.0004796207843658,0.013896360711873768,0.0003154642889462156,548,48.71111111111111,-0.013416739927507968,0.013896360711873768,True,positive,negative,True,30_60
41.25,5.0,-0.0004801492129142,0.008795093818650129,0.00030539630438699487,509,45.24444444444445,-0.009275243031564328,0.008795093818650129,True,negative,negative,False,30_60
41.25,6.0,-0.0011279341803553,0.003425510773287202,0.0002981291748109343,450,40.0,-0.004553444953642502,0.003425510773287202,True,negative,negative,False,30_60
41.25,7.0,-0.0015416501555591,0.004749929180662005,0.00029674444787337987,348,30.933333333333334,-0.006291579336221105,0.004749929180662005,True,negative,negative,False,30_60
52.5,-7.0,0.0061350874602794,0.005947968221247925,0.0003050154447496234,650,57.77777777777778,0.00018711923903147465,0.005947968221247925,True,positive,positive,False,30_60
52.5,-6.0,0.0062309894710779,0.0017523194718343845,0.0003052822648865236,693,61.6,0.004478669999243515,0.0017523194718343845,True,positive,positive,False,30_60
52.5,-5.0,0.0078060881545146,0.004784693091639294,0.0003169763011751432,737,65.5111111111111,0.003021395062875306,0.004784693091639294,True,positive,positive,False,30_60
52.5,-4.0,0.0062868578825145,0.0042715625975698664,0.00032970898958851796,735,65.33333333333333,0.0020152952849446333,0.0042715625975698664,True,positive,positive,False,30_60
52.5,-3.0,0.0069041320433219,-0.008846275189447394,0.0003470879835390937,741,65.86666666666666,0.015750407232769294,0.008846275189447394,True,positive,positive,False,30_60
52.5,-2.0,0.006868389279892,-0.0011585757822062336,0.0003590815893216221,803,71.37777777777778,0.008026965062098233,0.0011585757822062332,True,positive,positive,False,30_60
52.5,-1.0,0.0073728514059136,0.0006891385924201361,0.00036438028016675447,775,68.88888888888889,0.006683712813493464,0.0006891385924201361,True,positive,positive,False,30_60
52.5,0.0,0.0026438440351436,9.994926702190697e-05,0.00037147258564582266,820,72.88888888888889,0.002543894768121693,9.994926702190697e-05,True,positive,positive,False,30_60
52.5,1.0,-0.0001037598509962,-0.007081004641407838,0.00036335385464586717,702,62.4,0.0069772447904116386,0.007081004641407838,True,negative,positive,True,30_60
52.5,2.0,-0.0019528651221965,0.011041786119527724,0.0003527380557687253,669,59.46666666666667,-0.012994651241724223,0.011041786119527724,True,negative,negative,False,30_60
52.5,3.0,-0.0040690802658597,0.004763653210011191,0.00033533316858822194,690,61.333333333333336,-0.00883273347587089,0.00476365321001119,True,negative,negative,False,30_60
52.5,4.0,-2.26816015735191e-05,0.014484678213523759,0.0003184789864115726,603,53.6,-0.014507359815097277,0.014484678213523759,True,negative,negative,False,30_60
52.5,5.0,-0.0008397092121109,0.009060926553832458,0.0003076730703940562,544,48.355555555555554,-0.009900635765943357,0.009060926553832458,True,negative,negative,False,30_60
52.5,6.0,-0.0011249847254172,0.003482678570382085,0.00030037756341258904,541,48.08888888888889,-0.004607663295799285,0.0034826785703820848,True,negative,negative,False,30_60
52.5,7.0,-0.0018853506383796,0.0047757299149207575,0.00029899072837835395,487,43.28888888888889,-0.006661080553300358,0.0047757299149207575,True,negative,negative,False,30_60
63.75,-7.0,0.0061094206757843,0.0005589130172562162,0.000303013095420035,533,47.37777777777778,0.005550507658528084,0.0005589130172562158,True,positive,positive,False,60_120
63.75,-6.0,0.0058385677014787,-0.002951640765998265,0.0003040738354233553,586,52.08888888888889,0.008790208467476964,0.002951640765998264,True,positive,positive,False,60_120
63.75,-5.0,0.0074021522887051,0.00013460117098863802,0.0003153799375690168,655,58.22222222222222,0.007267551117716462,0.000134601170988638,True,positive,positive,False,60_120
63.75,-4.0,0.0062719870669146,-0.001028814642326658,0.00032822776840402514,603,53.6,0.007300801709241259,0.0010288146423266583,True,positive,positive,False,60_120
63.75,-3.0,0.0069482180600365,-0.014132395732863071,0.00034877675836552817,690,61.333333333333336,0.02108061379289957,0.014132395732863071,True,positive,positive,False,60_120
63.75,-2.0,0.0069124757622679,-0.005956352531627744,0.0003612895474491794,686,60.977777777777774,0.012868828293895644,0.005956352531627744,True,positive,positive,False,60_120
63.75,-1.0,0.0072529648120204,-0.003971298634484637,0.0003670999399375539,668,59.37777777777778,0.011224263446505038,0.003971298634484637,True,positive,positive,False,60_120
63.75,0.0,0.0020384836388984,-0.002879645880184205,0.0003751209433731179,726,64.53333333333333,0.004918129519082605,0.002879645880184205,True,positive,positive,False,60_120
63.75,1.0,0.0001955937865811,-0.010164435541889241,0.0003670346416678606,661,58.75555555555555,0.010360029328470341,0.010164435541889241,True,positive,positive,False,60_120
63.75,2.0,-0.0018113960589592,0.009187151018797706,0.0003566747620438973,649,57.68888888888889,-0.010998547077756906,0.009187151018797706,True,negative,negative,False,60_120
63.75,3.0,-0.003989413458233,0.003797179195811077,0.00033781195661244847,648,57.6,-0.007786592654044077,0.003797179195811077,True,negative,negative,False,60_120
63.75,4.0,2.330543308441217e-05,0.013723814398879066,0.0003208699314287762,575,51.11111111111112,-0.013700508965794654,0.013723814398879066,True,positive,negative,True,60_120
63.75,5.0,-0.0006725757023862,0.008192555078643932,0.00031013344797784984,510,45.333333333333336,-0.008865130781030132,0.008192555078643932,True,negative,negative,False,60_120
63.75,6.0,-0.0009578513418091,0.0021956383310215376,0.0003027990257405777,524,46.577777777777776,-0.0031534896728306378,0.0021956383310215376,True,negative,negative,False,60_120
63.75,7.0,-0.0017182172935766,0.003488688964813972,0.0003015037597753041,431,38.31111111111111,-0.005206906258390572,0.003488688964813972,True,negative,negative,False,60_120
75.0,-7.0,0.0049937676327923,-0.0006761619868562228,0.0003043736107157199,534,47.46666666666667,0.005669929619648522,0.0006761619868562224,True,positive,positive,False,60_120
75.0,-6.0,0.0035087568685412,-0.004275541434414521,0.0003054808736201676,614,54.577777777777776,0.007784298302955721,0.004275541434414521,True,positive,positive,False,60_120
75.0,-5.0,0.0041527152837564,-0.0007012614120897587,0.0003168136064994981,593,52.71111111111111,0.004853976695846159,0.0007012614120897589,True,positive,positive,False,60_120
75.0,-4.0,0.0024861977435648,-0.0026522037749199326,0.00032985084044457013,587,52.17777777777778,0.0051384015184847325,0.0026522037749199326,True,positive,positive,False,60_120
75.0,-3.0,0.002958473128577,-0.013315160012744107,0.00035070250345122086,661,58.75555555555555,0.016273633141321107,0.013315160012744107,True,positive,positive,False,60_120
75.0,-2.0,0.0029227312188595,-0.007688556768142914,0.0003636727158870394,661,58.75555555555555,0.010611287987002414,0.007688556768142915,True,positive,positive,False,60_120
75.0,-1.0,0.0029402811390658,-0.005350161510221369,0.0003694995156604037,712,63.28888888888889,0.008290442649287168,0.005350161510221368,True,positive,positive,False,60_120
75.0,0.0,0.0001736726844683,-0.0037529783270585635,0.0003776135364602345,685,60.888888888888886,0.003926651011526863,0.0037529783270585635,True,positive,positive,False,60_120
75.0,1.0,-0.0007835121262663,-0.011222373428792757,0.00036946741412408144,634,56.355555555555554,0.010438861302526458,0.011222373428792757,True,negative,positive,True,60_120
75.0,2.0,-0.0022412179969251,0.008856166036888007,0.00035856643964085394,719,63.91111111111111,-0.011097384033813107,0.008856166036888007,True,negative,negative,False,60_120
75.0,3.0,-0.0043581433904667,0.0037727651582247423,0.00033865920057055447,630,56.0,-0.008130908548691442,0.0037727651582247423,True,negative,negative,False,60_120
75.0,4.0,-0.0003454244773214,0.013827776584379312,0.0003214424635505269,567,50.4,-0.014173201061700712,0.013827776584379312,True,negative,negative,False,60_120
75.0,5.0,-0.000977308533038,0.006859486173369488,0.0003107293757269362,491,43.644444444444446,-0.007836794706407487,0.006859486173369487,True,negative,negative,False,60_120
75.0,6.0,-0.0012625838668706,0.001124010333812629,0.00030327873079557307,483,42.93333333333333,-0.0023865942006832293,0.0011240103338126292,True,negative,negative,False,60_120
75.0,7.0,-0.0020229498428913,0.0024170612065628227,0.0003020409356952452,436,38.75555555555555,-0.004440011049454123,0.0024170612065628227,True,negative,negative,False,60_120
86.25,-7.0,0.0050120311789214,0.001476117788115475,0.00030534896359304996,499,44.355555555555554,0.0035359133908059253,0.001476117788115475,True,positive,positive,False,60_120
86.25,-6.0,0.003707408827419,-0.0032752309343776747,0.000307221474940875,584,51.91111111111111,0.006982639761796675,0.0032752309343776747,True,positive,positive,False,60_120
86.25,-5.0,0.0045681699799994,0.00023707842774449997,0.00031844568729859997,608,54.04444444444445,0.004331091552254899,0.00023707842774450035,True,positive,positive,False,60_120
86.25,-4.0,0.0032739234156906,-0.0017138639523182001,0.00033157016150647497,645,57.333333333333336,0.0049877873680088,0.0017138639523182,True,positive,positive,False,60_120
86.25,-3.0,0.003959064061443,-0.011871451279148425,0.00035269507498007503,660,58.66666666666666,0.015830515340591426,0.011871451279148426,True,positive,positive,False,60_120
86.25,-2.0,0.003923321996505,-0.007026394712738625,0.000366119929822075,996,88.53333333333333,0.010949716709243624,0.007026394712738624,True,positive,positive,False,60_120
86.25,-1.0,0.0038505461222181,-0.00358730839798225,0.000372458147467075,658,58.48888888888889,0.0074378545202003505,0.0035873083979822504,True,positive,positive,False,60_120
86.25,0.0,0.0007076162146404,-0.0028585003019542497,0.00038190803024912496,780,69.33333333333333,0.0035661165165946497,0.0028585003019542497,True,positive,positive,False,60_120
86.25,1.0,-0.0011436561083731,-0.0107428352348506,0.00037371429789342497,649,57.68888888888889,0.0095991791264775,0.0107428352348506,True,negative,positive,True,60_120
86.25,2.0,-0.0023956250709791,0.010920532513409801,0.0003619919298216,644,57.24444444444445,-0.0133161575843889,0.010920532513409801,True,negative,negative,False,60_120
86.25,3.0,-0.0043539421943326,0.006329001975245725,0.00034230893652415,613,54.48888888888889,-0.010682944169578325,0.006329001975245725,True,negative,negative,False,60_120
86.25,4.0,-0.0003412231911473,0.0164573998190462,0.00032481762173115,568,50.48888888888889,-0.0167986230101935,0.0164573998190462,True,negative,negative,False,60_120
86.25,5.0,-0.0009731072253392,0.008865250507369575,0.00031370297074315,571,50.75555555555555,-0.009838357732708775,0.008865250507369575,True,negative,negative,False,60_120
86.25,6.0,-0.0012583826028276,0.002257896529044875,0.000305259629385525,500,44.44444444444444,-0.003516279131872475,0.002257896529044875,True,negative,negative,False,60_120
86.25,7.0,-0.0020187485982508,0.003612918546423275,0.00030405329016500003,433,38.48888888888889,-0.005631667144674075,0.003612918546423275,True,negative,negative,False,60_120
97.5,-7.0,0.0045882429306705,-0.006155432381621845,0.0003045321561138879,517,45.95555555555556,0.010743675312292346,0.006155432381621846,True,positive,positive,False,60_120
97.5,-6.0,0.0030519580468535,-0.013420744807217694,0.0003111213919989205,598,53.15555555555556,0.016472702854071195,0.013420744807217694,True,positive,positive,False,60_120
97.5,-5.0,0.0032693604007363,-0.009950575655135602,0.00032143918852404606,657,58.4,0.013219936055871902,0.009950575655135602,True,positive,positive,False,60_120
97.5,-4.0,0.002321859394821,-0.011897333129167603,0.0003351266885893981,703,62.48888888888889,0.014219192523988603,0.011897333129167603,True,positive,positive,False,60_120
97.5,-3.0,0.0027856058441102,-0.02074084819746021,0.0003591185415082513,727,64.62222222222222,0.02352645404157041,0.020740848197460207,True,positive,positive,False,60_120
97.5,-2.0,0.0027498640120029,-0.014958492643058312,0.000371678992680565,754,67.02222222222223,0.01770835665506121,0.014958492643058312,True,positive,positive,False,60_120
97.5,-1.0,0.0026770922510574,-0.008915120972129794,0.0003772382470671387,747,66.4,0.011592213223187193,0.008915120972129794,True,positive,positive,False,60_120
97.5,0.0,-0.000608856556937,-0.0032762318305462413,0.0003871393050786866,812,72.17777777777778,0.002667375273609241,0.0032762318305462413,True,negative,positive,True,60_120
97.5,1.0,-0.0012141154729761,-0.011221474952700474,0.0003791930372263219,658,58.48888888888889,0.010007359479724375,0.011221474952700474,True,negative,positive,True,60_120
97.5,2.0,-0.0019290790272255,0.009639559798417895,0.00036725819205122033,742,65.95555555555555,-0.011568638825643395,0.009639559798417895,True,negative,negative,False,60_120
97.5,3.0,-0.0040168362514426,0.008889421890656253,0.0003439676962706699,678,60.266666666666666,-0.012906258142098854,0.008889421890656255,True,negative,negative,False,60_120
97.5,4.0,-0.0001662203818947,0.02024697414384775,0.00032636138613869367,602,53.51111111111111,-0.020413194525742452,0.02024697414384775,True,negative,negative,False,60_120
97.5,5.0,-0.0007782574151254,0.011843758439460084,0.00031531535048620146,542,48.17777777777778,-0.012622015854585484,0.011843758439460084,True,negative,negative,False,60_120
97.5,6.0,-0.0012532905287419,0.00396945798726582,0.0003066983281991004,568,50.48888888888889,-0.00522274851600772,0.00396945798726582,True,negative,negative,False,60_120
97.5,7.0,-0.0020136549283051,0.005345136233861481,0.0003055966340861896,467,41.51111111111111,-0.0073587911621665805,0.005345136233861481,True,negative,negative,False,60_120
108.75,-7.0,0.0050063016824424,-0.006522153759690772,0.00030654475853296437,773,68.71111111111111,0.011528455442133172,0.006522153759690772,True,positive,positive,False,60_120
108.75,-6.0,0.0035062027939905,-0.013820259744224258,0.0003130336635220086,556,49.422222222222224,0.01732646253821476,0.013820259744224258,True,positive,positive,False,60_120
108.75,-5.0,0.0046052958350628,-0.010265345389240803,0.00032338398550164026,604,53.68888888888889,0.014870641224303604,0.010265345389240805,True,positive,positive,False,60_120
108.75,-4.0,0.0050960985633234,-0.012449206254343387,0.0003370632571995682,644,57.24444444444445,0.017545304817666786,0.012449206254343386,True,positive,positive,False,60_120
108.75,-3.0,0.0055598448185871,-0.02113574795977918,0.00036092541803788,621,55.2,0.02669559277836628,0.021135747959779176,True,positive,positive,False,60_120
108.75,-2.0,0.0055241025984287,-0.01630130835430468,0.0003734638073767446,733,65.15555555555555,0.02182541095273338,0.016301308354304683,True,positive,positive,False,60_120
108.75,-1.0,0.0049528936700274,-0.01022212270732907,0.00037920973678790747,645,57.333333333333336,0.01517501637735647,0.01022212270732907,True,positive,positive,False,60_120
108.75,0.0,0.0009403160317257,-0.004589415428006218,0.0003895584278023404,690,61.333333333333336,0.005529731459731918,0.004589415428006218,True,positive,positive,False,60_120
108.75,1.0,-0.0001931812621478,-0.01284164806985986,0.0003815026277093458,611,54.31111111111111,0.01264846680771206,0.01284164806985986,True,negative,positive,True,60_120
108.75,2.0,-0.0013809203131434,0.009185855808883722,0.0003705063040336418,644,57.24444444444445,-0.010566776122027121,0.00918585580888372,True,negative,negative,False,60_120
108.75,3.0,-0.0037247360063095,0.009800830653457075,0.0003474491528371042,622,55.28888888888889,-0.013525566659766574,0.009800830653457073,True,negative,negative,False,60_120
108.75,4.0,-0.0002003223829281,0.02096254417126662,0.00032976365917229976,580,51.55555555555556,-0.02116286655419472,0.02096254417126662,True,negative,negative,False,60_120
108.75,5.0,-0.0008123608076857,0.012257269185803657,0.00031826599001251373,466,41.422222222222224,-0.013069629993489356,0.012257269185803657,True,negative,negative,False,60_120
108.75,6.0,-0.0012873936017664,0.005090804574040596,0.0003093712628635311,448,39.82222222222222,-0.006378198175806996,0.005090804574040596,True,negative,negative,False,60_120
108.75,7.0,-0.0020477582390109,0.006422514885360795,0.0003083407590199804,461,40.977777777777774,-0.008470273124371694,0.006422514885360794,True,negative,negative,False,60_120
120.0,-7.0,0.004950092639774,-0.010172893098151843,0.00030921194906435417,484,43.02222222222223,0.015122985737925844,0.010172893098151843,True,positive,positive,False,120_180
120.0,-6.0,0.0034499928976098,-0.01747100047966991,0.0003164134726951145,488,43.37777777777778,0.02092099337727971,0.01747100047966991,True,positive,positive,False,120_180
120.0,-5.0,0.0043818284757435,-0.01403438474904315,0.00032665961103546965,534,47.46666666666667,0.018416213224786652,0.01403438474904315,True,positive,positive,False,120_180
120.0,-4.0,0.0046276014763861,-0.016612084362952948,0.00034055604056508514,590,52.44444444444444,0.021239685839339047,0.016612084362952948,True,positive,positive,False,120_180
120.0,-3.0,0.0050913474988192,-0.02553598665692883,0.000365132838959594,611,54.31111111111111,0.03062733415574803,0.02553598665692883,True,positive,positive,False,120_180
120.0,-2.0,0.0050556056667119,-0.02088588454856386,0.00037725304194336423,692,61.51111111111111,0.02594149021527576,0.02088588454856386,True,positive,positive,False,120_180
120.0,-1.0,0.0044843962726493,-0.01470921838055017,0.0003828842088757027,646,57.422222222222224,0.01919361465319947,0.01470921838055017,True,positive,positive,False,120_180
120.0,0.0,0.0006296039015675,-0.007594520594192067,0.00039211379511005297,686,60.977777777777774,0.008224124495759566,0.007594520594192067,True,positive,positive,False,120_180
120.0,1.0,-0.0002534165008304,-0.015394804249807246,0.0003839177122682378,600,53.333333333333336,0.015141387748976845,0.015394804249807246,True,negative,positive,True,120_180
120.0,2.0,-0.0012474038715784,0.007205397901511012,0.0003727028775565949,633,56.266666666666666,-0.008452801773089411,0.007205397901511011,True,negative,negative,False,120_180
120.0,3.0,-0.0025867829487348,0.008625161221871253,0.0003497741690686458,591,52.53333333333333,-0.011211944170606053,0.008625161221871253,True,negative,negative,False,120_180
120.0,4.0,0.0005430483027642,0.018111009350830747,0.0003321819742678926,566,50.31111111111111,-0.017567961048066547,0.018111009350830747,True,positive,negative,True,120_180
120.0,5.0,0.0004749829240608,0.010254214676237479,0.0003204195769715912,496,44.08888888888889,-0.009779231752176678,0.010254214676237479,True,positive,negative,True,120_180
120.0,6.0,-4.37528263622274e-05,0.0028509366391158515,0.00031139707701393574,441,39.2,-0.002894689465478079,0.0028509366391158515,True,negative,negative,False,120_180
120.0,7.0,-0.000804115984162,0.004118821668627783,0.0003102739556492921,413,36.71111111111111,-0.004922937652789784,0.004118821668627783,True,negative,negative,False,120_180
131.25,-7.0,0.0047986718515555,-0.01025916533296121,0.0003104321635249988,458,40.71111111111111,0.015057837184516708,0.010259165332961208,True,positive,positive,False,120_180
131.25,-6.0,0.0028566747593382,-0.01755727178315603,0.000317521694963861,528,46.93333333333333,0.02041394654249423,0.01755727178315603,True,positive,positive,False,120_180
131.25,-5.0,0.0021721891049916,-0.014196583844294994,0.00032789813536557115,531,47.2,0.016368772949286594,0.014196583844294994,True,positive,positive,False,120_180
131.25,-4.0,0.0020435127080418,-0.01750623692362858,0.00034183597659933907,599,53.24444444444445,0.01954974963167038,0.01750623692362858,True,positive,positive,False,120_180
131.25,-3.0,0.0025072597394076,-0.026626389651449627,0.000366520461194211,615,54.66666666666666,0.029133649390857226,0.026626389651449627,True,positive,positive,False,120_180
131.25,-2.0,0.002273079221292,-0.02164053288172795,0.0003785278618251866,686,60.977777777777774,0.02391361210301995,0.02164053288172795,True,positive,positive,False,120_180
131.25,-1.0,0.0018435789000553,-0.01602062736902711,0.0003843877997201266,637,56.62222222222222,0.01786420626908241,0.01602062736902711,True,positive,positive,False,120_180
131.25,0.0,-0.0002677237692599,-0.008416435821770854,0.00039302686963312017,700,62.22222222222222,0.008148712052510955,0.008416435821770854,True,negative,positive,True,120_180
131.25,1.0,-0.0009959608820887,-0.016189073513400907,0.00038489069124337855,607,53.95555555555556,0.015193112631312207,0.016189073513400907,True,negative,positive,True,120_180
131.25,2.0,-0.0012946198015318,0.007001852060890174,0.0003734785142404073,603,53.6,-0.008296471862421974,0.007001852060890174,True,negative,negative,False,120_180
131.25,3.0,-0.0020090059842914,0.008508793411201861,0.0003506816983787055,542,48.17777777777778,-0.010517799395493261,0.008508793411201861,True,negative,negative,False,120_180
131.25,4.0,0.0007294114911928,0.01737415899999116,0.00033321452215165516,517,45.95555555555556,-0.01664474750879836,0.01737415899999116,True,positive,negative,True,120_180
131.25,5.0,0.0006613442868304,0.010014677232584509,0.00032133031310769265,438,38.93333333333333,-0.00935333294575411,0.01001467723258451,True,positive,negative,True,120_180
131.25,6.0,0.0001426076366139,0.0026529104177878586,0.0003124111844312564,433,38.48888888888889,-0.0025103027811739587,0.0026529104177878586,True,positive,negative,True,120_180
131.25,7.0,-0.0006177558680064,0.0038317682805288963,0.0003111311110614119,439,39.02222222222223,-0.004449524148535297,0.0038317682805288967,True,negative,negative,False,120_180
142.5,-7.0,0.0050880680792033,-0.007582068350782924,0.0003114915550538282,488,43.37777777777778,0.012670136429986224,0.007582068350782924,True,positive,positive,False,120_180
142.5,-6.0,0.0034402826956162,-0.014990046344039373,0.00031821914780986776,529,47.02222222222223,0.018430329039655573,0.014990046344039373,True,positive,positive,False,120_180
142.5,-5.0,0.0031433422894527,-0.011425449972820485,0.00032892360686015697,603,53.6,0.014568792262273185,0.011425449972820485,True,positive,positive,False,120_180
142.5,-4.0,0.003882478767385,-0.01608093744059936,0.00034305515743663544,642,57.06666666666667,0.01996341620798436,0.01608093744059936,True,positive,positive,False,120_180
142.5,-3.0,0.0042591132223606,-0.02584925647762746,0.0003677833768865112,676,60.08888888888889,0.03010836969998806,0.02584925647762746,True,positive,positive,False,120_180
142.5,-2.0,0.0039707676429922,-0.0215231288789091,0.00038006954443985916,739,65.68888888888888,0.025493896521901302,0.0215231288789091,True,positive,positive,False,120_180
142.5,-1.0,0.0033022682958592,-0.01441412326576568,0.00038554936227822663,702,62.4,0.01771639156162488,0.01441412326576568,True,positive,positive,False,120_180
142.5,0.0,0.0008552718403128,-0.0066073801250922295,0.00039433604629312717,766,68.08888888888889,0.007462651965405029,0.0066073801250922295,True,positive,positive,False,120_180
142.5,1.0,-0.000319336017128,-0.013909711096107358,0.00038616754058102615,654,58.13333333333333,0.013590375078979358,0.013909711096107358,True,negative,positive,True,120_180
142.5,2.0,-0.0008713982921714,0.007705091185274048,0.00037349939611340755,640,56.888888888888886,-0.008576489477445447,0.007705091185274048,True,negative,negative,False,120_180
142.5,3.0,-0.0020387148639808,0.009335724822757905,0.00035089313836039385,599,53.24444444444445,-0.011374439686738706,0.009335724822757905,True,negative,negative,False,120_180
142.5,4.0,0.0005727727111661,0.01574898759639935,0.00033345388669341687,576,51.2,-0.015176214885233248,0.01574898759639935,True,positive,negative,True,120_180
142.5,5.0,0.0005047054534467,0.008105073488372826,0.000321380094416246,498,44.266666666666666,-0.007600368034926126,0.008105073488372826,True,positive,negative,True,120_180
142.5,6.0,-3.868346660359142e-05,0.001515171039984861,0.00031301630438261297,487,43.28888888888889,-0.0015538545065884523,0.001515171039984861,True,negative,negative,False,120_180
142.5,7.0,-0.0007990470233683,0.002767496902085505,0.00031129813209168704,436,38.75555555555555,-0.0035665439254538053,0.002767496902085505,True,negative,negative,False,120_180
153.75,-7.0,0.0051696891896426,-0.0015945457417078338,0.0003144087445890136,744,66.13333333333334,0.0067642349313504335,0.0015945457417078333,True,positive,positive,False,120_180
153.75,-6.0,0.0034371135601152,-0.009195138131790449,0.0003205283536364592,498,44.266666666666666,0.012632251691905648,0.009195138131790449,True,positive,positive,False,120_180
153.75,-5.0,0.0032098669325932,-0.005288850076234651,0.00033203538095252625,529,47.02222222222223,0.008498717008827851,0.005288850076234651,True,positive,positive,False,120_180
153.75,-4.0,0.0039206449097643,-0.008176265707381593,0.00034544968365312885,587,52.17777777777778,0.012096910617145892,0.008176265707381593,True,positive,positive,False,120_180
153.75,-3.0,0.0039607851455609,-0.0179822286654125,0.00036969727460783327,595,52.888888888888886,0.021943013810973397,0.0179822286654125,True,positive,positive,False,120_180
153.75,-2.0,0.0036724398378282,-0.014539839558829731,0.00038220877816893693,665,59.11111111111112,0.01821227939665793,0.01453983955882973,True,positive,positive,False,120_180
153.75,-1.0,0.0031639629354079,-0.008716428612125193,0.0003877644703444075,622,55.28888888888889,0.011880391547533092,0.008716428612125193,True,positive,positive,False,120_180
153.75,0.0,0.0008551374388237,0.00014223169312325664,0.0003960589214411723,735,65.33333333333333,0.0007129057457004433,0.00014223169312325664,True,positive,positive,False,120_180
153.75,1.0,-0.0002570545232932,-0.007387821993308537,0.0003879726518915659,654,58.13333333333333,0.007130767470015337,0.007387821993308537,True,negative,positive,True,120_180
153.75,2.0,-0.0009270947581777,0.013356418817528463,0.0003749787188261263,619,55.02222222222223,-0.014283513575706163,0.013356418817528463,True,negative,negative,False,120_180
153.75,3.0,-0.0020445031501973,0.014606902110375658,0.00035224410784233693,571,50.75555555555555,-0.016651405260572957,0.014606902110375656,True,negative,negative,False,120_180
153.75,4.0,0.0005669844485964,0.019925505375130673,0.00033483608268719864,523,46.48888888888889,-0.019358520926534274,0.019925505375130673,True,positive,negative,True,120_180
153.75,5.0,0.0004989172060353,0.011745678811222088,0.0003231155312593859,527,46.84444444444444,-0.011246761605186789,0.011745678811222088,True,positive,negative,True,120_180
153.75,6.0,-4.4471790412596114e-05,0.006169460984979821,0.0003145993326290691,435,38.66666666666666,-0.006213932775392417,0.006169460984979821,True,negative,negative,False,120_180
153.75,7.0,-0.0008048352998836,0.007501047167391825,0.0003130582150999808,391,34.75555555555555,-0.008305882467275424,0.007501047167391824,True,negative,negative,False,120_180
165.0,-7.0,0.0056642863589028,-0.00851510440521494,0.00031464174332403183,479,42.577777777777776,0.014179390764117741,0.00851510440521494,True,positive,positive,False,120_180
165.0,-6.0,0.003898500620077,-0.016285783727904405,0.00032100685839813646,488,43.37777777777778,0.020184284347981404,0.016285783727904405,True,positive,positive,False,120_180
165.0,-5.0,0.00438100247023,-0.012371586333356156,0.00033225863191554104,526,46.75555555555555,0.016752588803586155,0.012371586333356156,True,positive,positive,False,120_180
165.0,-4.0,0.0050917789340019,-0.015378907853818048,0.00034587666652345384,575,51.11111111111112,0.02047068678781995,0.01537890785381805,True,positive,positive,False,120_180
165.0,-3.0,0.005238931470861,-0.02555016657786595,0.00037034406684740667,596,52.977777777777774,0.030789098048726947,0.02555016657786595,True,positive,positive,False,120_180
165.0,-2.0,0.0050781715350846,-0.021895222181105473,0.0003829255790865021,730,64.88888888888889,0.026973393716190074,0.021895222181105473,True,positive,positive,False,120_180
165.0,-1.0,0.0046559019635121,-0.018353674022372556,0.0003882437801838735,631,56.08888888888889,0.023009575985884656,0.018353674022372556,True,positive,positive,False,120_180
165.0,0.0,0.0020735669143808,-0.006947422447681343,0.00039706161873223644,702,62.4,0.009020989362062144,0.006947422447681344,True,positive,positive,False,120_180
165.0,1.0,0.0006083836002896,-0.014609694577478191,0.0003891070057371706,600,53.333333333333336,0.015218078177767791,0.014609694577478191,True,positive,positive,False,120_180
165.0,2.0,-0.0009104160932717,0.007064070172971969,0.0003757496320908284,624,55.46666666666667,-0.007974486266243669,0.007064070172971969,True,negative,negative,False,120_180
165.0,3.0,-0.0018475798812384,0.008395393930739669,0.000352697106967112,556,49.422222222222224,-0.010242973811978069,0.008395393930739669,True,negative,negative,False,120_180
165.0,4.0,0.0005775720346719,0.013750872195131068,0.0003353843380439519,535,47.55555555555556,-0.01317330016045917,0.013750872195131068,True,positive,negative,True,120_180
165.0,5.0,0.0004017541359644,0.005587748717129755,0.000323598744955842,464,41.24444444444445,-0.005185994581165355,0.005587748717129755,True,positive,negative,True,120_180
165.0,6.0,-0.0001416348168277,-6.687401440863528e-05,0.0003152476842628562,440,39.11111111111112,-7.476080241906473e-05,6.687401440863528e-05,True,negative,negative,False,120_180
165.0,7.0,-0.0009019983020455,0.0012647119818916498,0.0003135944962800569,403,35.82222222222222,-0.00216671028393715,0.00126471198189165,True,negative,negative,False,120_180
176.25,-7.0,0.0054276020576556,-0.006055822723115957,0.00031686288731827544,468,41.6,0.011483424780771558,0.0060558227231159575,True,positive,positive,False,120_180
176.25,-6.0,0.0038918529947598,-0.013855437085339144,0.0003235164757172053,473,42.04444444444445,0.017747290080098944,0.013855437085339144,True,positive,positive,False,120_180
176.25,-5.0,0.0043743551553537,-0.009798876278409042,0.0003345428736061394,546,48.53333333333333,0.014173231433762742,0.009798876278409042,True,positive,positive,False,120_180
176.25,-4.0,0.005085127428174,-0.012719214901043933,0.0003482126390875011,578,51.37777777777778,0.01780434232921793,0.012719214901043932,True,positive,positive,False,120_180
176.25,-3.0,0.0052322791889309,-0.02342886753847722,0.0003728230716762753,597,53.06666666666667,0.02866114672740812,0.02342886753847722,True,positive,positive,False,120_180
176.25,-2.0,0.005071519408375,-0.018997529785713962,0.00038494635471214274,684,60.8,0.024069049194088962,0.018997529785713962,True,positive,positive,False,120_180
176.25,-1.0,0.0046492510785659,-0.01549982669902801,0.0003902229865304349,662,58.84444444444444,0.02014907777759391,0.01549982669902801,True,positive,positive,False,120_180
176.25,0.0,0.0020669190368304,-0.005170956119871039,0.00039859856354788816,718,63.82222222222222,0.0072378751567014395,0.005170956119871039,True,positive,positive,False,120_180
176.25,1.0,0.0003716995900807,-0.012929286622644705,0.00039071720244046284,593,52.71111111111111,0.013300986212725404,0.012929286622644705,True,positive,positive,False,120_180
176.25,2.0,-0.0008613389994328,0.008854514870634428,0.00037660823458776307,668,59.37777777777778,-0.009715853870067228,0.008854514870634428,True,negative,negative,False,120_180
176.25,3.0,-0.0017985028098337,0.0101107070494563,0.0003535569824466861,569,50.577777777777776,-0.01190920985929,0.0101107070494563,True,negative,negative,False,120_180
176.25,4.0,0.000626649086674,0.015500319242006594,0.0003362726043437757,489,43.46666666666667,-0.014873670155332594,0.015500319242006594,True,positive,negative,True,120_180
176.25,5.0,0.0004508312849793,0.00789931822715293,0.00032455134404271014,482,42.84444444444444,-0.007448486942173631,0.00789931822715293,True,positive,negative,True,120_180
176.25,6.0,-9.255771631918226e-05,0.0025582564088503035,0.000316305791178092,414,36.8,-0.002650814125169486,0.0025582564088503035,True,negative,negative,False,120_180
176.25,7.0,-0.0008529212160889,0.003889842549904053,0.00031464656104078444,434,38.577777777777776,-0.004742763765992953,0.003889842549904053,True,negative,negative,False,120_180
187.5,-7.0,0.005353277704368,-0.005755304516726485,0.000318749290245989,484,43.02222222222223,0.011108582221094485,0.0057553045167264855,True,positive,positive,False,180_240
187.5,-6.0,0.0041675919201225,-0.013503768624084478,0.0003258527229298665,551,48.977777777777774,0.01767136054420698,0.013503768624084478,True,positive,positive,False,180_240
187.5,-5.0,0.0034440447731564,-0.009320154928880177,0.0003368853125222767,548,48.71111111111111,0.012764199702036577,0.009320154928880177,True,positive,positive,False,180_240
187.5,-4.0,0.0040789818546424,-0.012290502166035949,0.0003505891474755966,623,55.37777777777778,0.016369484020678348,0.012290502166035947,True,positive,positive,False,180_240
187.5,-3.0,0.0042261323736359,-0.023565815544008425,0.00037530579068799857,664,59.02222222222223,0.027791947917644326,0.023565815544008425,True,positive,positive,False,180_240
187.5,-2.0,0.0040653728259106,-0.017765776914457448,0.0003869875150481356,788,70.04444444444445,0.021831149740368046,0.017765776914457444,True,positive,positive,False,180_240
187.5,-1.0,0.0034394361233959,-0.014668069347390284,0.0003923251294208139,723,64.26666666666667,0.018107505470786184,0.014668069347390284,True,positive,positive,False,180_240
187.5,0.0,0.0013889394273671,-0.008247035291887101,0.00040037076825340603,801,71.2,0.009635974719254202,0.008247035291887101,True,positive,positive,False,180_240
187.5,1.0,0.000641488256709,-0.016338132228593986,0.00039234136042321844,691,61.422222222222224,0.016979620485302986,0.016338132228593986,True,positive,positive,False,180_240
187.5,2.0,-0.0005189494307463,0.002704761740275002,0.00037730576962828843,713,63.37777777777778,-0.003223711171021302,0.002704761740275002,True,negative,negative,False,180_240
187.5,3.0,-0.0011344435236727,0.0038391886737428067,0.0003543593703459768,614,54.577777777777776,-0.004973632197415506,0.0038391886737428062,True,negative,negative,False,180_240
187.5,4.0,0.0010302616477323,0.009323242150819802,0.0003367507035393373,609,54.13333333333333,-0.008292980503087502,0.009323242150819802,True,positive,negative,True,180_240
187.5,5.0,0.0008340130152646,0.0048627124536719055,0.0003254309420762416,471,41.86666666666667,-0.004028699438407305,0.0048627124536719055,True,positive,negative,True,180_240
187.5,6.0,0.0003790618211496,0.0004056138303141568,0.000317227979164651,483,42.93333333333333,-2.6552009164556808e-05,0.0004056138303141568,True,positive,negative,True,180_240
187.5,7.0,-0.0003813018362658,0.0017372001536497188,0.00031564147806955413,474,42.13333333333333,-0.0021185019899155185,0.0017372001536497185,True,negative,negative,False,180_240
198.75,-7.0,0.0043500030102829,0.0015919733847267953,0.0003200837757185797,466,41.422222222222224,0.0027580296255561047,0.0015919733847267956,True,positive,positive,False,180_240
198.75,-6.0,0.0028948921632642,-0.0061683147884164045,0.0003259052664854861,489,43.46666666666667,0.009063206951680605,0.0061683147884164045,True,positive,positive,False,180_240
198.75,-5.0,0.001648871654955,-0.0024044507662998767,0.0003371100356531157,546,48.53333333333333,0.004053322421254876,0.0024044507662998762,True,positive,positive,False,180_240
198.75,-4.0,0.0015387272190613,-0.00541246192890088,0.0003507819437719771,588,52.266666666666666,0.006951189147962181,0.00541246192890088,True,positive,positive,False,180_240
198.75,-3.0,0.0015742518783857,-0.016677652631833892,0.0003747265185513836,580,51.55555555555556,0.01825190451021959,0.016677652631833892,True,positive,positive,False,180_240
198.75,-2.0,0.0013520982077655,-0.009452823290645488,0.000387583121460667,723,64.26666666666667,0.010804921498410988,0.009452823290645488,True,positive,positive,False,180_240
198.75,-1.0,0.00058021042787,-0.007287367472223767,0.00039346569288956177,675,60.0,0.007867577900093767,0.007287367472223767,True,positive,positive,False,180_240
198.75,0.0,0.0002587418809222,-0.0034516202013362756,0.000401500482790432,768,68.26666666666667,0.0037103620822584757,0.0034516202013362756,True,positive,positive,False,180_240
198.75,1.0,-6.67821877868846e-05,-0.011359560053646373,0.0003934259437815446,640,56.888888888888886,0.011292777865859489,0.011359560053646373,True,negative,positive,True,180_240
198.75,2.0,-0.0006677643589985,0.006670717974751637,0.0003782971253951278,648,57.6,-0.007338482333750136,0.006670717974751637,True,negative,negative,False,180_240
198.75,3.0,-0.0012444733292795,0.0076117299926714765,0.0003569342751762312,576,51.2,-0.008856203321950976,0.0076117299926714765,True,negative,negative,False,180_240
198.75,4.0,0.0008902633368658,0.011906209258480578,0.00033919470188120086,543,48.266666666666666,-0.011015945921614778,0.011906209258480578,True,positive,negative,True,180_240
198.75,5.0,0.0008569751904966,0.011260082722137585,0.0003276250266355368,463,41.15555555555556,-0.010403107531640985,0.011260082722137585,True,positive,negative,True,180_240
198.75,6.0,0.0004020245833089,0.005488550732032405,0.0003192644932674922,448,39.82222222222222,-0.005086526148723505,0.005488550732032405,True,positive,negative,True,180_240
198.75,7.0,-0.0002644249713436,0.006820136675485884,0.0003174816519885773,410,36.44444444444444,-0.007084561646829485,0.006820136675485884,True,negative,negative,False,180_240
210.0,-7.0,0.0040012210762749,0.0047584790870822645,0.0003217883840419428,449,39.91111111111111,-0.0007572580108073648,0.0047584790870822645,True,positive,negative,True,180_240
210.0,-6.0,0.0027489435936634,-0.002735650986720293,0.0003272895456683764,479,42.577777777777776,0.005484594580383693,0.002735650986720293,True,positive,positive,False,180_240
210.0,-5.0,0.0014331413355345,0.0009718365133033879,0.0003384205308843919,514,45.68888888888889,0.000461304822231112,0.0009718365133033879,True,positive,positive,False,180_240
210.0,-4.0,0.0016961708897724,-0.002268843931289541,0.0003520626908367768,587,52.17777777777778,0.003965014821061941,0.0022688439312895407,True,positive,positive,False,180_240
210.0,-3.0,0.0017316953356688,-0.013089666741112286,0.0003754214955230852,647,57.51111111111111,0.014821362076781086,0.013089666741112286,True,positive,positive,False,180_240
210.0,-2.0,0.0015095416553473,-0.006664956126838143,0.00038873507921563825,719,63.91111111111111,0.008174497782185442,0.006664956126838142,True,positive,positive,False,180_240
210.0,-1.0,0.000706501576739,-0.004406346979495207,0.00039500914531130616,651,57.86666666666667,0.005112848556234208,0.004406346979495207,True,positive,positive,False,180_240
210.0,0.0,0.0006869852853318,0.005991449892973362,0.0004033769926260418,799,71.02222222222223,-0.005304464607641562,0.005991449892973362,True,positive,negative,True,180_240
210.0,1.0,0.0002376948444483,-0.002171106072894769,0.00039520337047422064,620,55.11111111111112,0.002408800917343069,0.002171106072894769,True,positive,positive,False,180_240
210.0,2.0,-0.0003796700135959,0.015151628493404925,0.00038088309399157596,656,58.31111111111111,-0.015531298507000826,0.015151628493404925,True,negative,negative,False,180_240
210.0,3.0,-0.0010558396267394,0.015752148705649137,0.00035922469740124526,504,44.8,-0.016807988332388536,0.015752148705649137,True,negative,negative,False,180_240
210.0,4.0,0.0010788970976136,0.02004663015271085,0.00034175262623063155,503,44.71111111111111,-0.01896773305509725,0.02004663015271085,True,positive,negative,True,180_240
210.0,5.0,0.0008493548763605,0.014913370797474493,0.00032992095270005414,440,39.11111111111112,-0.014064015921113993,0.014913370797474493,True,positive,negative,True,180_240
210.0,6.0,0.00039440417216,0.009176878823718614,0.00032152874056806056,436,38.75555555555555,-0.008782474651558613,0.009176878823718614,True,positive,negative,True,180_240
210.0,7.0,-0.0002720453994697,0.01063787186198323,0.0003194873012544208,426,37.86666666666667,-0.01090991726145293,0.01063787186198323,True,negative,negative,False,180_240
221.25,-7.0,0.0041068556408087,-0.0004522797269807359,0.00032303306597834206,459,40.8,0.004559135367789436,0.0004522797269807359,True,positive,positive,False,180_240
221.25,-6.0,0.0033307954824219,-0.007994722073561524,0.0003282974882610498,498,44.266666666666666,0.011325517555983424,0.007994722073561524,True,positive,positive,False,180_240
221.25,-5.0,0.0022538288030773,-0.004245340852283302,0.00033958178002864393,512,45.51111111111111,0.006499169655360602,0.0042453408522833014,True,positive,positive,False,180_240
221.25,-4.0,0.002680990146473,-0.007115131322828203,0.00035336791996225453,545,48.44444444444444,0.009796121469301203,0.007115131322828204,True,positive,positive,False,180_240
221.25,-3.0,0.0027165142043183,-0.017828985806856695,0.0003764517339907206,626,55.644444444444446,0.020545500011174993,0.01782898580685669,True,positive,positive,False,180_240
221.25,-2.0,0.0024943606307109,-0.011140575314030662,0.00038973893083599085,774,68.8,0.013634935944741562,0.011140575314030662,True,positive,positive,False,180_240
221.25,-1.0,0.0018430279257396,-0.009528608328103323,0.00039646207760500195,661,58.75555555555555,0.011371636253842923,0.009528608328103323,True,positive,positive,False,180_240
221.25,0.0,0.0020159780591105,0.00037467711202887784,0.00040522313982080106,855,76.0,0.0016413009470816224,0.00037467711202887784,True,positive,positive,False,180_240
221.25,1.0,0.0013677654011795,-0.007957540508704314,0.0003972343992371993,652,57.95555555555556,0.009325305909883813,0.007957540508704314,True,positive,positive,False,180_240
221.25,2.0,0.0003670406149467,0.010474325661243074,0.00038240815160110763,649,57.68888888888889,-0.010107285046296374,0.010474325661243074,True,positive,negative,True,180_240
221.25,3.0,-0.0008582631829388,0.010889871267639684,0.00036100388088404885,556,49.422222222222224,-0.011748134450578483,0.010889871267639684,True,negative,negative,False,180_240
221.25,4.0,0.0012764735341382,0.015184350533448713,0.0003431830172429414,525,46.66666666666666,-0.013907876999310512,0.015184350533448712,True,positive,negative,True,180_240
221.25,5.0,0.0008147541472377,0.009655110708681504,0.0003312086050788554,482,42.84444444444444,-0.008840356561443804,0.009655110708681504,True,positive,negative,True,180_240
221.25,6.0,0.0003598034963943,0.00374238432451834,0.0003226499510350149,488,43.37777777777778,-0.00338258082812404,0.00374238432451834,True,positive,negative,True,180_240
221.25,7.0,-0.0003066461207102,0.0055826011559970915,0.00032013647757655165,394,35.022222222222226,-0.005889247276707292,0.0055826011559970915,True,negative,negative,False,180_240
232.5,-7.0,0.0043746274895966,-0.01693158695728492,0.0003280412232097673,514,45.68888888888889,0.021306214446881522,0.016931586957284923,True,positive,positive,False,180_240
232.5,-6.0,0.0037993192672729,-0.024349824473979726,0.0003337615458202579,469,41.68888888888889,0.028149143741252627,0.024349824473979726,True,positive,positive,False,180_240
232.5,-5.0,0.0027223526655385,-0.02058942706425408,0.0003448838189539522,541,48.08888888888889,0.023311779729792582,0.02058942706425408,True,positive,positive,False,180_240
232.5,-4.0,0.0034912157958994,-0.023712052069737075,0.00035750827040257043,648,57.6,0.027203267865636475,0.023712052069737075,True,positive,positive,False,180_240
232.5,-3.0,0.0035267404746264,-0.03386091077027378,0.00038047487267968237,676,60.08888888888889,0.037387651244900184,0.03386091077027378,True,positive,positive,False,180_240
232.5,-2.0,0.003304586901019,-0.026710692305970115,0.0003943754097624782,857,76.17777777777778,0.030015279206989116,0.026710692305970115,True,positive,positive,False,180_240
232.5,-1.0,0.0026532539632171,-0.025291590267250533,0.0004012932485139043,700,62.22222222222222,0.027944844230467634,0.025291590267250533,True,positive,positive,False,180_240
232.5,0.0,0.0028577813257773,-0.01461466870307758,0.0004107509451120797,1024,91.02222222222224,0.01747245002885488,0.014614668703077581,True,positive,positive,False,180_240
232.5,1.0,0.0018844776786863,-0.023391247761414713,0.0004026359003520806,604,53.68888888888889,0.025275725440101014,0.023391247761414713,True,positive,positive,False,180_240
232.5,2.0,0.000630666516372,-0.005763964556161215,0.0003876990088937619,729,64.8,0.006394631072533215,0.005763964556161215,True,positive,positive,False,180_240
232.5,3.0,-0.0008009051562112,-0.005154619728855461,0.0003662634173519763,665,59.11111111111112,0.004353714572644262,0.005154619728855461,True,negative,positive,True,180_240
232.5,4.0,0.0013338314408125,-0.0012318093399066106,0.0003477112434695327,522,46.4,0.0025656407807191106,0.0012318093399066106,True,positive,positive,False,180_240
232.5,5.0,0.0008721121315223,-0.006138341758893286,0.0003373013761248474,525,46.66666666666666,0.007010453890415587,0.006138341758893287,True,positive,positive,False,180_240
232.5,6.0,0.0003581895725801,-0.008934137770788993,0.00032647518525551097,530,47.11111111111112,0.009292327343369093,0.008934137770788993,True,positive,positive,False,180_240
232.5,7.0,-0.0003785360701537,-0.007021720108078592,0.0003240441692437385,472,41.95555555555556,0.006643184037924891,0.007021720108078592,True,negative,positive,True,180_240
243.75,-7.0,0.0042662687289218,-0.005886811636222554,0.0003298727908927163,431,38.31111111111111,0.010153080365144354,0.005886811636222554,True,positive,positive,False,240_300
243.75,-6.0,0.0040781179753442,-0.013449427400152076,0.00033566421069914715,532,47.28888888888889,0.01752754537549628,0.013449427400152078,True,positive,positive,False,240_300
243.75,-5.0,0.0031512562030305,-0.009502641209202684,0.00034681242193721385,492,43.73333333333333,0.012653897412233184,0.009502641209202684,True,positive,positive,False,240_300
243.75,-4.0,0.0041604177094995,-0.015035762678744818,0.00036034426471152626,516,45.86666666666667,0.01919618038824432,0.015035762678744818,True,positive,positive,False,240_300
243.75,-3.0,0.0041959426210572,-0.024987740003060838,0.00038327770670689907,602,53.51111111111111,0.029183682624118037,0.024987740003060838,True,positive,positive,False,240_300
243.75,-2.0,0.0038592569374789,-0.022831723095010265,0.0003967042423017114,771,68.53333333333333,0.026690980032489167,0.02283172309501027,True,positive,positive,False,240_300
243.75,-1.0,0.0032079238444566,-0.01784002938844811,0.00040264880606842465,637,56.62222222222222,0.02104795323290471,0.01784002938844811,True,positive,positive,False,240_300
243.75,0.0,0.0035050915709386,-0.006405964183541526,0.0004120463712747077,1051,93.42222222222222,0.009911055754480126,0.006405964183541526,True,positive,positive,False,240_300
243.75,1.0,0.0025317873029659,-0.014600933940884492,0.0004043133555866788,554,49.24444444444445,0.01713272124385039,0.014600933940884492,True,positive,positive,False,240_300
243.75,2.0,0.0008233861202218,0.002150907386527237,0.0003894975551036923,702,62.4,-0.0013275212663054368,0.002150907386527237,True,positive,negative,True,240_300
243.75,3.0,-0.0007339501316891,0.0027367965517494284,0.0003676306002013413,560,49.77777777777778,-0.0034707466834385282,0.0027367965517494284,True,negative,negative,False,240_300
243.75,4.0,0.0014007866266183,0.006659605943126767,0.0003493318113011773,524,46.577777777777776,-0.005258819316508467,0.006659605943126767,True,positive,negative,True,240_300
243.75,5.0,0.0008332693444875,0.001136587548380699,0.0003394441531517409,459,40.8,-0.000303318203893199,0.001136587548380699,True,positive,negative,True,240_300
243.75,6.0,0.0003193467564415,0.0005666842286443483,0.0003283487403333197,423,37.6,-0.00024733747220284825,0.0005666842286443483,True,positive,negative,True,240_300
243.75,7.0,-0.0004173788862923,0.0026234772822980017,0.0003260024454458974,411,36.53333333333333,-0.0030408561685903016,0.0026234772822980017,True,negative,negative,False,240_300
255.0,-7.0,0.0036713783629238,-0.007737477161500648,0.0003299894621280892,453,40.266666666666666,0.011408855524424447,0.0077374771615006475,True,positive,positive,False,240_300
255.0,-6.0,0.0034201078427334,-0.01504194535366075,0.0003354098652445388,461,40.977777777777774,0.01846205319639415,0.015041945353660751,True,positive,positive,False,240_300
255.0,-5.0,0.0024156756699085,-0.00953890647790215,0.00034692164647051474,517,45.95555555555556,0.011954582147810651,0.009538906477902152,True,positive,positive,False,240_300
255.0,-4.0,0.0034248377972592,-0.017590196948812514,0.00036020939992331344,484,43.02222222222223,0.021015034746071713,0.017590196948812514,True,positive,positive,False,240_300
255.0,-3.0,0.003448551443095,-0.02704870774216531,0.00038259910850981833,564,50.13333333333333,0.03049725918526031,0.02704870774216531,True,positive,positive,False,240_300
255.0,-2.0,0.0031118656819065,-0.026627291971509842,0.00039533581941627726,876,77.86666666666666,0.029739157653416344,0.026627291971509842,True,positive,positive,False,240_300
255.0,-1.0,0.0024605331321557,-0.02193261007022566,0.0004011198731530241,592,52.62222222222222,0.02439314320238136,0.02193261007022566,True,positive,positive,False,240_300
255.0,0.0,0.0028352711815387,-0.015464628012506376,0.0004099936384922266,1119,99.46666666666668,0.018299899194045077,0.015464628012506376,True,positive,positive,False,240_300
255.0,1.0,0.0022802635794505,-0.023897488743799468,0.0004025850455246026,566,50.31111111111111,0.026177752323249967,0.023897488743799468,True,positive,positive,False,240_300
255.0,2.0,0.0007947703931373,-0.006236633025216111,0.0003881150037492047,618,54.93333333333333,0.007031403418353411,0.006236633025216111,True,positive,positive,False,240_300
255.0,3.0,-0.0007625676128858,-0.005693313870685311,0.00036588009691167423,552,49.06666666666667,0.0049307462577995115,0.005693313870685311,True,negative,positive,True,240_300
255.0,4.0,0.0012510717885258,-0.001608412505020984,0.00034834387501180805,486,43.2,0.002859484293546784,0.0016084125050209838,True,positive,positive,False,240_300
255.0,5.0,0.0007897547911852,-0.004460772871681906,0.00033922893992918083,472,41.95555555555556,0.005250527662867106,0.004460772871681906,True,positive,positive,False,240_300
255.0,6.0,0.000275832232243,-0.004515091443366398,0.0003286054032743849,455,40.44444444444444,0.004790923675609398,0.004515091443366398,True,positive,positive,False,240_300
255.0,7.0,-0.0004608934007895,-0.0027328381323016046,0.0003264827460854739,415,36.888888888888886,0.0022719447315121045,0.0027328381323016046,True,negative,positive,True,240_300
266.25,-7.0,0.0036768796853721,-0.006950190084181442,0.00033140443634061613,437,38.84444444444444,0.010627069769553542,0.0069501900841814415,True,positive,positive,False,240_300
266.25,-6.0,0.0034256090875715,-0.014157663848675037,0.0003364087296072526,469,41.68888888888889,0.017583272936246536,0.014157663848675036,True,positive,positive,False,240_300
266.25,-5.0,0.0024211769923567,-0.008580051827446162,0.00034788403931952503,461,40.977777777777774,0.011001228819802863,0.008580051827446162,True,positive,positive,False,240_300
266.25,-4.0,0.0034303391197075,-0.015051490148582314,0.00036011382694195297,509,45.24444444444445,0.018481829268289812,0.015051490148582312,True,positive,positive,False,240_300
266.25,-3.0,0.0034540522998819,-0.024518594582022973,0.0003819867441852015,577,51.28888888888889,0.027972646881904872,0.024518594582022973,True,positive,positive,False,240_300
266.25,-2.0,0.0031948473770171,-0.024613881667730892,0.0003943613733397596,898,79.82222222222222,0.02780872904474799,0.024613881667730892,True,positive,positive,False,240_300
266.25,-1.0,0.0025435147496561,-0.02116177559546888,0.00040077944888595876,600,53.333333333333336,0.02370529034512498,0.02116177559546888,True,positive,positive,False,240_300
266.25,0.0,0.0029182530318697,-0.014305726771266966,0.0004095576089934785,1169,103.91111111111113,0.017223979803136665,0.014305726771266965,True,positive,positive,False,240_300
266.25,1.0,0.0023632452745611,-0.023054640898653816,0.0004020697185684663,583,51.82222222222222,0.025417886173214915,0.023054640898653816,True,positive,positive,False,240_300
266.25,2.0,0.0008777519718326,-0.005759462840543805,0.00038779957369742727,492,43.73333333333333,0.006637214812376405,0.005759462840543805,True,positive,positive,False,240_300
266.25,3.0,-0.0007721056075145,-0.005122144354978655,0.0003662544414901986,514,45.68888888888889,0.004350038747464155,0.005122144354978655,True,negative,positive,True,240_300
266.25,4.0,0.0012415336483779,-0.00011575031365545176,0.0003483950316934399,451,40.08888888888889,0.0013572839620333518,0.00011575031365545184,True,positive,positive,False,240_300
266.25,5.0,0.0007802167674526,-0.0038157049965413287,0.00033934062957116954,489,43.46666666666667,0.004595921763993928,0.0038157049965413282,True,positive,positive,False,240_300
266.25,6.0,0.0002662941891079,-0.003609168555225868,0.00032859154344919736,489,43.46666666666667,0.0038754627443337683,0.003609168555225868,True,positive,positive,False,240_300
266.25,7.0,-0.0004704314439247,-0.0018269149424010478,0.0003265241662576405,418,37.15555555555556,0.0013564834984763478,0.0018269149424010478,True,negative,positive,True,240_300
277.5,-7.0,0.0037097565364092,-0.00010143087244882153,0.0003344958962361277,500,44.44444444444444,0.0038111874088580214,0.00010143087244882153,True,positive,positive,False,240_300
277.5,-6.0,0.0034584855505575,-0.007308904606302487,0.0003389326168223107,505,44.888888888888886,0.010767390156859987,0.007308904606302487,True,positive,positive,False,240_300
277.5,-5.0,0.0024540536105632,-0.0012838764271729203,0.00035016483001460954,561,49.86666666666667,0.00373793003773612,0.00128387642717292,True,positive,positive,False,240_300
277.5,-4.0,0.003463215737914,-0.004990454621251862,0.00036182933879547115,554,49.24444444444445,0.008453670359165862,0.0049904546212518625,True,positive,positive,False,240_300
277.5,-3.0,0.0034869290733089,-0.014169920559526044,0.0003835303841228378,584,51.91111111111111,0.017656849632834943,0.014169920559526043,True,positive,positive,False,240_300
277.5,-2.0,0.0032277244608849,-0.016287634900620324,0.00039701338134570175,617,54.84444444444444,0.019515359361505225,0.016287634900620324,True,positive,positive,False,240_300
277.5,-1.0,0.0025763917559136,-0.01340410872292506,0.0004029664235481034,603,53.6,0.015980500478838658,0.013404108722925058,True,positive,positive,False,240_300
277.5,0.0,0.0029511294172455,-0.006589127860859059,0.00041462455886879997,1969,175.0222222222222,0.009540257278104558,0.006589127860859058,True,positive,positive,False,240_300
277.5,1.0,0.0023961219703778,-0.017068284385589362,0.0004070796710446135,561,49.86666666666667,0.019464406355967162,0.017068284385589362,True,positive,positive,False,240_300
277.5,2.0,0.0009106288616749,-0.0038308178720159024,0.0003944125879328096,550,48.888888888888886,0.004741446733690802,0.0038308178720159024,True,positive,positive,False,240_300
277.5,3.0,-0.0007392287564774,-0.0030088828688758,0.0003731934006731177,567,50.4,0.0022696541123984,0.0030088828688758,True,negative,positive,True,240_300
277.5,4.0,0.0012744105382201,0.002445430476269871,0.0003558940429253306,549,48.8,-0.001171019938049771,0.002445430476269871,True,positive,negative,True,240_300
277.5,5.0,0.0008130936184898,-0.0006508628424142281,0.0003463695465675272,499,44.355555555555554,0.0014639564609040282,0.0006508628424142282,True,positive,positive,False,240_300
277.5,6.0,0.0002991710110412,-5.62613413612207e-05,0.00033538972268045607,458,40.71111111111111,0.0003554323524024207,5.62613413612207e-05,True,positive,positive,False,240_300
277.5,7.0,-0.0004375545831862,0.001595040344557739,0.00033330933849116067,464,41.24444444444445,-0.002032594927743939,0.001595040344557739,True,negative,negative,False,240_300
288.75,-7.0,0.0033835669358571,-0.002179306150057826,0.00034305968508765625,463,41.15555555555556,0.005562873085914926,0.0021793061500578258,True,positive,positive,False,240_300
288.75,-6.0,0.0031322965708871,-0.009227121463393897,0.0003466917454403564,448,39.82222222222222,0.012359418034280997,0.009227121463393897,True,positive,positive,False,240_300
288.75,-5.0,0.0021278642428418,-0.0031782499278247642,0.0003579700289752049,507,45.06666666666667,0.005306114170666565,0.0031782499278247647,True,positive,positive,False,240_300
288.75,-4.0,0.0031370262149721,-0.007709428907180784,0.0003688299159438645,519,46.13333333333333,0.010846455122152885,0.007709428907180784,True,positive,positive,False,240_300
288.75,-3.0,0.0031607397055874,-0.017269027150098648,0.0003893913606977476,479,42.577777777777776,0.02042976685568605,0.017269027150098648,True,positive,positive,False,240_300
288.75,-2.0,0.0029032037903865,-0.020712522826903827,0.0004018657583538638,572,50.84444444444444,0.023615726617290327,0.020712522826903827,True,positive,positive,False,240_300
288.75,-1.0,0.002251871357051,-0.019392267146565827,0.00040935316892099486,541,48.08888888888889,0.021644138503616826,0.019392267146565827,True,positive,positive,False,240_300
288.75,0.0,0.0027296094534297,-0.02405793123463478,0.00042151512673920937,1179,104.8,0.026787540688064482,0.02405793123463478,True,positive,positive,False,240_300
288.75,1.0,0.0021746015409007,-0.03552478284820289,0.00041450441303156967,586,52.08888888888889,0.037699384389103585,0.03552478284820289,True,positive,positive,False,240_300
288.75,2.0,0.0007752988052137,-0.021919370780024525,0.000399784844032203,508,45.15555555555556,0.022694669585238223,0.021919370780024525,True,positive,positive,False,240_300
288.75,3.0,-0.0008745588371918,-0.02062082147489585,0.000381980099575465,524,46.577777777777776,0.01974626263770405,0.02062082147489585,True,negative,positive,True,240_300
288.75,4.0,0.0012063555380639,-0.014126365299739615,0.0003624790594240746,484,43.02222222222223,0.015332720837803515,0.014126365299739615,True,positive,positive,False,240_300
288.75,5.0,0.0007450386377361,-0.017588027772352344,0.0003531488529382601,477,42.4,0.018333066410088444,0.017588027772352344,True,positive,positive,False,240_300
288.75,6.0,0.0002311160981965,-0.01680627934076051,0.0003422381690015313,705,62.66666666666666,0.01703739543895701,0.01680627934076051,True,positive,positive,False,240_300
288.75,7.0,-0.0005056095542386,-0.013602406749503408,0.000339045433532369,440,39.11111111111112,0.013096797195264808,0.013602406749503408,True,negative,positive,True,240_300
300.0,-7.0,0.0032858225361754,0.0459457077085971,0.0003737982769962,262,46.577777777777776,-0.0426598851724217,0.0459457077085971,True,positive,negative,True,240_300
300.0,-6.0,0.0030345522488156,0.0390860736370086,0.0003751241602003,212,37.68888888888889,-0.036051521388192995,0.0390860736370086,True,positive,negative,True,240_300
300.0,-5.0,0.0020301198431601,0.045348010957241,0.0003866467450279,269,47.82222222222222,-0.0433178911140809,0.045348010957241,True,positive,negative,True,240_300
300.0,-4.0,0.0030392822033415,0.0407808236777782,0.0003987543750554,285,50.66666666666666,-0.0377415414744367,0.0407808236777782,True,positive,negative,True,240_300
300.0,-3.0,0.0030629955387363,0.0293028131127357,0.0004170472966507,279,49.6,-0.0262398175739994,0.0293028131127357,True,positive,negative,True,240_300
300.0,-2.0,0.0028054596235354,0.0221689362078905,0.0004318873689044,268,47.644444444444446,-0.0193634765843551,0.0221689362078905,True,positive,negative,True,240_300
300.0,-1.0,0.0021541268021489,0.0214858762919902,0.0004357506695669,304,54.04444444444445,-0.0193317494898413,0.0214858762919902,True,positive,negative,True,240_300
300.0,0.0,0.0026318651313583,0.0110215172171592,0.0004489305720198,296,52.62222222222222,-0.0083896520858009,0.0110215172171592,True,positive,negative,True,240_300
300.0,1.0,0.0020768574516599,-0.0141985481604933,0.0004381700418889,343,60.977777777777774,0.0162754056121532,0.0141985481604933,True,positive,positive,False,240_300
300.0,2.0,0.0006775544443371,-0.0242698602378368,0.0004167364095337,286,50.84444444444444,0.0249474146821739,0.0242698602378368,True,positive,positive,False,240_300
300.0,3.0,-0.0009723031592632,-0.0233750734478235,0.0003947739314753,276,49.06666666666667,0.0224027702885603,0.0233750734478235,True,negative,positive,True,240_300
300.0,4.0,0.0011086112936027,-0.016815872862935,0.0003779570688493,286,50.84444444444444,0.0179244841565377,0.016815872862935,True,positive,positive,False,240_300
300.0,5.0,0.0006472943156647,-0.020019419491291,0.0003693485923577,252,44.8,0.0206667138069557,0.020019419491291,True,positive,positive,False,240_300
300.0,6.0,0.0001333717373199,-0.0120790787041187,0.0003572631976567,256,45.51111111111111,0.012212450441438599,0.0120790787041187,True,positive,positive,False,240_300
300.0,7.0,-0.0006033539345177,-0.0106712291017174,0.0003555085568223,252,44.8,0.010067875167199699,0.0106712291017174,True,negative,positive,True,240_300
