subset,n_cells,n_supported_cells,sign_flip_share,mean_abs_difference,median_abs_difference,p90_abs_difference,p95_abs_difference,max_abs_difference,mean_tau_wp,mean_tau_sensitivity,share_tau_wp_positive,share_tau_sensitivity_positive
all_cells,375,375,0.184,0.010308032259502078,0.008854514870634428,0.021066466444374158,0.024293849508679678,0.0459457077085971,0.0019012775795053843,0.005676722674368807,0.72,0.664
supported_cell_count_ge_20,375,375,0.184,0.010308032259502078,0.008854514870634428,0.021066466444374158,0.024293849508679678,0.0459457077085971,0.0019012775795053843,0.005676722674368807,0.72,0.664
trailing_all,175,175,0.045714285714285714,0.01221711312625758,0.010837873460468776,0.024094715512282663,0.02662666034746769,0.0459457077085971,0.004180446567174576,0.013063579943635776,1.0,0.9542857142857143
trailing_supported,175,175,0.045714285714285714,0.01221711312625758,0.010837873460468776,0.024094715512282663,0.02662666034746769,0.0459457077085971,0.004180446567174576,0.013063579943635776,1.0,0.9542857142857143
tied_all,25,25,0.16,0.006607012114831489,0.005991449892973362,0.014491091930353335,0.015294636150620614,0.02405793123463478,0.001597020101423028,0.006681953120857328,0.92,0.92
leading_all,175,175,0.32571428571428573,0.008927668556270944,0.008105073488372826,0.016812035454065205,0.020359128343162173,0.03552478284820289,-0.0003344260541520434,-0.0018537389443965217,0.4114285714285714,0.33714285714285713
leading_supported,175,175,0.32571428571428573,0.008927668556270944,0.008105073488372826,0.016812035454065205,0.020359128343162173,0.03552478284820289,-0.0003344260541520434,-0.0018537389443965217,0.4114285714285714,0.33714285714285713
late_240_300_all,90,90,0.24444444444444444,0.013582870631385222,0.013525917074827743,0.02465126750126389,0.03272489646724264,0.0459457077085971,0.0019447128680877643,0.009415265975651772,0.8666666666666667,0.8222222222222222
late_240_300_supported,90,90,0.24444444444444444,0.013582870631385222,0.013525917074827743,0.02465126750126389,0.03272489646724264,0.0459457077085971,0.0019447128680877643,0.009415265975651772,0.8666666666666667,0.8222222222222222
