window,time_lo,time_hi,score_diff,n_three_point,mean_resid_three_point,n_two_point,mean_resid_two_point,observed_resid_diff_3pa_minus_2pa,b_hat,same_sign_as_b_hat_300,abs_ratio_observed_to_b_hat_300
285_300,285.0,300.0,-7.0,201,0.009774295634490842,473,0.017054723736042818,-0.007280428101551975,0.0459457077085971,False,0.15845719795474394
285_300,285.0,300.0,-6.0,199,0.0043266643199011525,413,0.03307180763943994,-0.02874514331953879,0.0390860736370086,False,0.7354318468131188
285_300,285.0,300.0,-5.0,233,0.03706492338341474,494,0.010597873013831534,0.026467050369583203,0.045348010957241,True,0.5836430266928178
285_300,285.0,300.0,-4.0,224,0.06710633854591892,531,0.006085077351127885,0.06102126119479104,0.0407808236777782,True,1.4963224302907352
285_300,285.0,300.0,-3.0,233,-0.0004166831336513603,478,0.004955480697306298,-0.005372163830957658,0.0293028131127357,False,0.1833326995019051
285_300,285.0,300.0,-2.0,226,0.028390134510638716,563,0.03650242808829168,-0.008112293577652967,0.0221689362078905,False,0.365930665395013
285_300,285.0,300.0,-1.0,253,-0.020984920939245675,544,-0.005294347019638131,-0.015690573919607542,0.0214858762919902,False,0.7302738648577666
285_300,285.0,300.0,0.0,321,0.0008584085537502448,979,0.02127952471001783,-0.020421116156267585,0.0110215172171592,False,1.8528407436023708
285_300,285.0,300.0,1.0,253,-0.015290008332549216,614,-0.0032904490671425337,-0.011999559265406683,-0.0141985481604933,True,0.8451257924239617
285_300,285.0,300.0,2.0,189,-0.0507118994888511,561,0.005467135070688865,-0.056179034559539966,-0.0242698602378368,True,2.3147654749142994
285_300,285.0,300.0,3.0,244,-0.015173878104059537,517,0.05549275198202586,-0.0706666300860854,-0.0233750734478235,True,3.023161841344516
285_300,285.0,300.0,4.0,196,0.03827638652576665,542,-0.011486531641914792,0.04976291816768144,-0.016815872862935,False,2.959282492993108
285_300,285.0,300.0,5.0,199,-0.025357728288226817,483,-0.004905456390827685,-0.02045227189739913,-0.020019419491291,True,1.0216216262562674
285_300,285.0,300.0,6.0,195,0.017772567867202608,460,0.03858970009181698,-0.020817132224614374,-0.0120790787041187,True,1.7234039726486914
285_300,285.0,300.0,7.0,177,-0.019551174022544495,482,0.01608196885382133,-0.03563314287636583,-0.0106712291017174,True,3.339178883398832
295_300,295.0,300.0,-7.0,79,0.06177800585671294,183,-0.0230524303738953,0.08483043623060824,0.0459457077085971,True,1.8463190679014232
295_300,295.0,300.0,-6.0,72,0.07762650500772264,140,0.056618845696961,0.021007659310761644,0.0390860736370086,True,0.5374717221755058
295_300,295.0,300.0,-5.0,90,0.05273212193684894,179,0.05027524907837886,0.0024568728584700786,0.045348010957241,True,0.05417818348828317
295_300,295.0,300.0,-4.0,88,0.09824379709979338,197,-0.011053088366269767,0.10929688546606314,0.0407808236777782,True,2.680104902481896
295_300,295.0,300.0,-3.0,100,-0.023377416096854845,179,-0.04010737062404834,0.016729954527193492,0.0293028131127357,True,0.5709333934195641
295_300,295.0,300.0,-2.0,72,0.03768742063679556,196,0.0072040339710253655,0.030483386665770194,0.0221689362078905,True,1.3750495910092593
295_300,295.0,300.0,-1.0,105,-0.0658537292708955,199,0.05061398346110237,-0.11646771273199788,0.0214858762919902,False,5.420663842108051
295_300,295.0,300.0,0.0,87,0.032168992940557826,209,0.03605567323486552,-0.003886680294307693,0.0110215172171592,False,0.35264476003871686
295_300,295.0,300.0,1.0,101,0.017728017367141632,242,-0.014018079374560611,0.03174609674170224,-0.0141985481604933,False,2.2358692158423676
295_300,295.0,300.0,2.0,66,-0.1306709984641086,220,0.015859078839126843,-0.14653007730323545,-0.0242698602378368,True,6.037532802714477
295_300,295.0,300.0,3.0,76,-0.03600233585380122,200,0.005273100695675428,-0.04127543654947665,-0.0233750734478235,True,1.7657885286054529
295_300,295.0,300.0,4.0,72,-0.016216759290405097,214,0.03953074544988731,-0.0557475047402924,-0.016815872862935,True,3.3151716354355436
295_300,295.0,300.0,5.0,79,-0.022084352129342323,173,0.014747780775347576,-0.036832132904689896,-0.020019419491291,True,1.83982022659113
295_300,295.0,300.0,6.0,80,-0.03268160811454816,176,0.019770955828692892,-0.05245256394324105,-0.0120790787041187,True,4.342430844941501
295_300,295.0,300.0,7.0,63,-0.031239749304797445,189,0.025625996675516516,-0.056865745980313964,-0.0106712291017174,True,5.328884371076069
exact_300,300.0,300.0,-7.0,16,0.1112685750286957,40,0.03131441572966749,0.0799541592990282,0.0459457077085971,True,1.7401877843763767
exact_300,300.0,300.0,-6.0,18,0.08352795401064328,20,0.14470040013617913,-0.06117244612553585,0.0390860736370086,False,1.5650701243016336
exact_300,300.0,300.0,-5.0,15,0.11193087097226861,32,0.12362191272340733,-0.01169104175113872,0.045348010957241,False,0.25780715635272944
exact_300,300.0,300.0,-4.0,11,0.0820318328571738,38,-0.07244200731836212,0.15447384017553592,0.0407808236777782,True,3.787903878452312
exact_300,300.0,300.0,-3.0,13,0.048545427411750754,38,0.07397620993259406,-0.025430782520843305,0.0293028131127357,False,0.8678614719687265
exact_300,300.0,300.0,-2.0,9,0.16115105671859042,28,-0.09054788704341951,0.25169894376200996,0.0221689362078905,True,11.35367711836456
exact_300,300.0,300.0,-1.0,17,0.03821590115424212,28,0.006585154119718888,0.03163074703452323,0.0214858762919902,True,1.4721646259461605
exact_300,300.0,300.0,0.0,19,0.000303623343753679,34,0.019401998107330294,-0.019098374763576616,0.0110215172171592,False,1.7328262876405713
exact_300,300.0,300.0,1.0,8,-0.03629198059638038,41,-0.04645994236963677,0.010167961773256393,-0.0141985481604933,False,0.7161268644035171
exact_300,300.0,300.0,2.0,12,-0.18568589222820897,38,0.11405120235344034,-0.2997370945816493,-0.0242698602378368,True,12.350178025102844
exact_300,300.0,300.0,3.0,15,-0.08163758121676432,37,0.025685381555498005,-0.10732296277226232,-0.0233750734478235,True,4.5913422694402435
exact_300,300.0,300.0,4.0,16,0.03750342781619366,38,-0.026914621708503495,0.06441804952469715,-0.016815872862935,False,3.8307883301547383
exact_300,300.0,300.0,5.0,15,-0.03174094995447595,27,-0.05564314910711922,0.023902199152643272,-0.020019419491291,False,1.193950661908123
exact_300,300.0,300.0,6.0,15,0.09562224044932996,29,-0.017977343059507406,0.11359958350883737,-0.0120790787041187,False,9.40465628973031
exact_300,300.0,300.0,7.0,9,0.008036001386103227,41,0.05523072213296382,-0.0471947207468606,-0.0106712291017174,True,4.422613393171852
270_285,270.0,285.0,-7.0,214,-0.0060397386322284825,455,-0.003317636612715236,-0.0027221020195132466,0.0459457077085971,False,0.05924605703709516
270_285,270.0,285.0,-6.0,210,0.015359760841604892,485,-0.014709036030089846,0.03006879687169474,0.0390860736370086,True,0.7692969406685081
270_285,270.0,285.0,-5.0,239,0.016393890599153273,515,0.028923207751790428,-0.012529317152637155,0.045348010957241,False,0.2762925404699921
270_285,270.0,285.0,-4.0,210,0.02123685376856977,535,0.041500721920896606,-0.020263868152326836,0.0407808236777782,False,0.49689698061122733
270_285,270.0,285.0,-3.0,229,0.0008922323932385641,547,0.002476566788069913,-0.001584334394831349,0.0293028131127357,False,0.05406765516798657
270_285,270.0,285.0,-2.0,216,0.0135994389041993,623,0.02581651523233123,-0.012217076328131928,0.0221689362078905,False,0.5510898770047231
270_285,270.0,285.0,-1.0,232,-0.032083926619596186,568,0.009094990890642564,-0.04117891751023875,0.0214858762919902,False,1.9165575073887022
270_285,270.0,285.0,0.0,607,-0.002912632380180668,1928,-0.008339110353502389,0.005426477973321721,0.0110215172171592,True,0.4923530822846546
270_285,270.0,285.0,1.0,226,0.05513690701268199,563,0.012085873102112541,0.043051033910569456,-0.0141985481604933,False,3.032072957315217
270_285,270.0,285.0,2.0,216,0.005468903035397981,491,-0.016927806627284887,0.022396709662682868,-0.0242698602378368,False,0.9228198861963909
270_285,270.0,285.0,3.0,229,-0.013093999358354251,523,0.0238593501603225,-0.03695334951867675,-0.0233750734478235,True,1.5808869906296508
270_285,270.0,285.0,4.0,183,0.008618696231753212,517,0.015400693839998968,-0.0067819976082457555,-0.016815872862935,True,0.403309281862758
270_285,270.0,285.0,5.0,191,-0.02557789589154497,479,-0.0026663202428590443,-0.022911575648685924,-0.020019419491291,True,1.1444675335692471
270_285,270.0,285.0,6.0,188,0.018865297398666128,426,0.015868070565443745,0.002997226833222382,-0.0120790787041187,False,0.24813372829505564
270_285,270.0,285.0,7.0,169,0.03481335987515493,438,0.020630236250767348,0.014183123624387582,-0.0106712291017174,False,1.3290993464009677
240_285,240.0,285.0,-7.0,568,0.00722236961373927,1290,0.010100267335869094,-0.0028778977221298246,0.0459457077085971,False,0.062636922264478
240_285,240.0,285.0,-6.0,640,-0.019339186312556024,1369,0.00022725888542162614,-0.01956644519797765,0.0390860736370086,False,0.5005988930914561
240_285,240.0,285.0,-5.0,633,0.03242874177825639,1455,0.006888452096129382,0.025540289682127005,0.045348010957241,True,0.5632063930259068
240_285,240.0,285.0,-4.0,579,-0.00037707883334755436,1545,0.020257970304107066,-0.02063504913745462,0.0407808236777782,False,0.505998831718027
240_285,240.0,285.0,-3.0,721,-0.0018222668467054038,1657,0.0009141222734393744,-0.0027363891201447783,0.0293028131127357,False,0.09338315436190932
240_285,240.0,285.0,-2.0,865,-0.008129064146477077,2317,0.030704583732748664,-0.03883364787922574,0.0221689362078905,False,1.7517145394375684
240_285,240.0,285.0,-1.0,716,-0.024672503589497633,1760,0.01757867251367411,-0.04225117610317174,0.0214858762919902,False,1.9664627836902662
240_285,240.0,285.0,0.0,1436,0.001217300444015185,4137,-0.003037841946381375,0.0042551423903965605,0.0110215172171592,True,0.3860759191821437
240_285,240.0,285.0,1.0,659,0.030881630506367583,1665,0.02653012619779947,0.004351504308568115,-0.0141985481604933,False,0.30647530010680546
240_285,240.0,285.0,2.0,668,0.005019543545202733,1719,0.0011655587390643307,0.0038539848061384025,-0.0242698602378368,False,0.15879715698280067
240_285,240.0,285.0,3.0,647,-0.00040080084345613397,1596,0.022567450778361295,-0.02296825162181743,-0.0233750734478235,True,0.9825959123972742
240_285,240.0,285.0,4.0,563,-0.0015621291148639725,1462,0.024114755978698374,-0.025676885093562345,-0.016815872862935,True,1.5269433411427902
240_285,240.0,285.0,5.0,550,0.0022830526858030466,1425,-0.0031004235397899126,0.005383476225592959,-0.020019419491291,False,0.2689127038840921
240_285,240.0,285.0,6.0,557,0.016794697731853582,1304,0.00831281198665541,0.008481885745198172,-0.0120790787041187,False,0.702196413564723
240_285,240.0,285.0,7.0,502,0.01699406367946564,1237,0.01835180794716015,-0.00135774426769451,-0.0106712291017174,True,0.12723410347136097
