variant,season,time_bin,shot_type,n,n_games,fitted_next_state_wp,empirical_win_rate,wp_minus_empirical
none,2000,0-15s,2PA,5,5,0.3809908247715592,0.2,0.1809908247715592
none,2000,0-15s,3PA,24,22,0.4645712508634155,0.375,0.0895712508634155
none,2000,15-30s,2PA,13,13,0.37259964308565763,0.15384615384615385,0.21875348923950377
none,2000,15-30s,3PA,9,9,0.46974066701662626,0.3333333333333333,0.13640733368329294
none,2000,30-45s,2PA,15,15,0.3334388922216428,0.26666666666666666,0.06677222555497614
none,2000,30-45s,3PA,6,6,0.4485744352215539,0.5,-0.05142556477844612
none,2000,45-60s,2PA,17,16,0.3520530093082666,0.29411764705882354,0.05793536224944307
none,2000,45-60s,3PA,3,3,0.4795313635149863,0.6666666666666666,-0.1871353031516803
none,2001,0-15s,2PA,14,13,0.3463275243389751,0.0,0.3463275243389751
none,2001,0-15s,3PA,24,23,0.4933989872932772,0.5,-0.006601012706722809
none,2001,15-30s,2PA,12,11,0.3588759919206999,0.08333333333333333,0.2755426585873666
none,2001,15-30s,3PA,5,5,0.48247843249641165,0.6,-0.11752156750358833
none,2001,30-45s,2PA,7,7,0.33394386180962143,0.0,0.33394386180962143
none,2001,30-45s,3PA,6,6,0.4597092103990217,0.5,-0.040290789600978316
none,2001,45-60s,2PA,13,13,0.33383453960668485,0.3076923076923077,0.026142231914377145
none,2001,45-60s,3PA,7,7,0.4851259353610763,0.14285714285714285,0.34226879250393344
none,2002,0-15s,2PA,23,23,0.3665943893963776,0.08695652173913043,0.2796378676572472
none,2002,0-15s,3PA,26,26,0.46719755579053845,0.5,-0.032802444209461545
none,2002,15-30s,2PA,11,11,0.39493923850589974,0.0,0.39493923850589974
none,2002,15-30s,3PA,3,3,0.477695387747346,0.0,0.477695387747346
none,2002,30-45s,2PA,11,11,0.3227782080328904,0.36363636363636365,-0.04085815560347322
none,2002,30-45s,3PA,5,5,0.47255526073209236,0.4,0.07255526073209234
none,2002,45-60s,2PA,8,8,0.3621208070447711,0.375,-0.01287919295522888
none,2002,45-60s,3PA,4,4,0.4984526734661728,0.25,0.24845267346617278
none,2003,0-15s,2PA,15,14,0.352964494710314,0.06666666666666667,0.28629782804364734
none,2003,0-15s,3PA,28,25,0.4834518660429105,0.6071428571428571,-0.12369099109994658
none,2003,15-30s,2PA,15,15,0.35981762526470334,0.13333333333333333,0.22648429193137
none,2003,15-30s,3PA,3,3,0.4500174651616993,0.0,0.4500174651616993
none,2003,30-45s,2PA,15,15,0.32475833927756204,0.26666666666666666,0.05809167261089537
none,2003,30-45s,3PA,4,4,0.464604773784507,1.0,-0.5353952262154931
none,2003,45-60s,2PA,7,7,0.326903534529701,0.14285714285714285,0.18404639167255815
none,2003,45-60s,3PA,3,3,0.4779013253999753,0.0,0.4779013253999753
none,2004,0-15s,2PA,22,19,0.38057719131317175,0.09090909090909091,0.28966810040408086
none,2004,0-15s,3PA,27,27,0.48917129125687564,0.3333333333333333,0.15583795792354233
none,2004,15-30s,2PA,14,14,0.4119375693265881,0.21428571428571427,0.19765185504087382
none,2004,15-30s,3PA,3,3,0.4500568192551289,0.3333333333333333,0.1167234859217956
none,2004,30-45s,2PA,16,16,0.33373005704902037,0.25,0.08373005704902037
none,2004,30-45s,3PA,2,2,0.4638074120807665,1.0,-0.5361925879192335
none,2004,45-60s,2PA,16,16,0.336522770625284,0.4375,-0.10097722937471598
none,2004,45-60s,3PA,6,6,0.46366184058340365,0.3333333333333333,0.13032850725007034
none,2005,0-15s,2PA,17,16,0.3789477745717579,0.17647058823529413,0.20247718633646375
none,2005,0-15s,3PA,22,22,0.47978374941560914,0.5454545454545454,-0.06567079603893627
none,2005,15-30s,2PA,18,17,0.3897191364632792,0.2222222222222222,0.167496914241057
none,2005,15-30s,3PA,6,6,0.4377828354389485,0.5,-0.062217164561051475
none,2005,30-45s,2PA,18,18,0.32478066422235374,0.1111111111111111,0.21366955311124264
none,2005,30-45s,3PA,5,5,0.4997353544649489,0.6,-0.1002646455350511
none,2005,45-60s,2PA,9,9,0.3665509897009092,0.3333333333333333,0.0332176563675759
none,2005,45-60s,3PA,6,6,0.4526741410541845,0.3333333333333333,0.1193408077208512
none,2006,0-15s,2PA,20,19,0.40781925789176887,0.3,0.10781925789176888
none,2006,0-15s,3PA,32,29,0.4878242368886123,0.375,0.11282423688861232
none,2006,15-30s,2PA,16,16,0.3654591152015788,0.25,0.11545911520157881
none,2006,15-30s,3PA,11,10,0.45254923358941673,0.2727272727272727,0.17982196086214403
none,2006,30-45s,2PA,11,11,0.3772679474919196,0.18181818181818182,0.19544976567373779
none,2006,30-45s,3PA,4,4,0.463939190062623,0.25,0.21393919006262302
none,2006,45-60s,2PA,14,14,0.34281463240415394,0.21428571428571427,0.12852891811843967
none,2006,45-60s,3PA,2,2,0.46240926195955045,1.0,-0.5375907380404495
none,2007,0-15s,2PA,25,25,0.40930627077347753,0.04,0.36930627077347755
none,2007,0-15s,3PA,26,25,0.4759721823205829,0.15384615384615385,0.32212602847442906
none,2007,15-30s,2PA,11,11,0.42376220203475995,0.2727272727272727,0.15103492930748724
none,2007,15-30s,3PA,5,5,0.47365477337723183,0.4,0.07365477337723181
none,2007,30-45s,2PA,11,11,0.34997216200572573,0.0,0.34997216200572573
none,2007,30-45s,3PA,5,5,0.43885416724677284,0.0,0.43885416724677284
none,2007,45-60s,2PA,13,13,0.3074999612940783,0.3076923076923077,-0.0001923463982294038
none,2007,45-60s,3PA,3,3,0.5016134602395363,0.6666666666666666,-0.16505320642713028
none,2008,0-15s,2PA,15,13,0.38655017152834675,0.06666666666666667,0.3198835048616801
none,2008,0-15s,3PA,24,22,0.4769466262996498,0.625,-0.1480533737003502
none,2008,15-30s,2PA,11,10,0.36883933558933374,0.09090909090909091,0.27793024468024286
none,2008,15-30s,3PA,7,7,0.458509212502008,0.14285714285714285,0.31565206964486514
none,2008,30-45s,2PA,16,16,0.34835626330496194,0.25,0.09835626330496194
none,2008,30-45s,3PA,5,5,0.4696010939772844,0.4,0.06960109397728437
none,2008,45-60s,2PA,15,15,0.31681341705839916,0.4,-0.08318658294160086
none,2008,45-60s,3PA,5,5,0.45654159574921155,0.8,-0.3434584042507885
none,2009,0-15s,2PA,18,17,0.37774691689730877,0.2777777777777778,0.09996913911953098
none,2009,0-15s,3PA,24,23,0.45901037167083514,0.25,0.20901037167083514
none,2009,15-30s,2PA,16,15,0.35649683662364373,0.0625,0.29399683662364373
none,2009,15-30s,3PA,5,5,0.5020117088218162,0.4,0.1020117088218162
none,2009,30-45s,2PA,10,10,0.32577014335837773,0.1,0.22577014335837772
none,2009,30-45s,3PA,5,5,0.4710514150486828,0.6,-0.12894858495131717
none,2009,45-60s,2PA,5,5,0.31807907306219596,0.2,0.11807907306219595
none,2009,45-60s,3PA,3,3,0.4770123754705597,0.3333333333333333,0.14367904213722638
none,2010,0-15s,2PA,17,17,0.36249954295353143,0.17647058823529413,0.1860289547182373
none,2010,0-15s,3PA,24,24,0.4702805191369696,0.5,-0.02971948086303039
none,2010,15-30s,2PA,22,22,0.35204724747685306,0.13636363636363635,0.2156836111132167
none,2010,15-30s,3PA,7,7,0.5014738931361086,0.14285714285714285,0.3586167502789657
none,2010,30-45s,2PA,19,19,0.31723005865318676,0.2631578947368421,0.05407216391634467
none,2010,30-45s,3PA,6,6,0.4400246408835368,0.5,-0.05997535911646318
none,2010,45-60s,2PA,17,16,0.3581565340388119,0.29411764705882354,0.06403888697998839
none,2010,45-60s,3PA,1,1,0.497348071494651,0.0,0.497348071494651
none,2011,0-15s,2PA,12,12,0.3876617921998901,0.08333333333333333,0.3043284588665568
none,2011,0-15s,3PA,21,19,0.48852698148401674,0.6190476190476191,-0.13052063756360233
none,2011,15-30s,2PA,12,12,0.39089069919617186,0.16666666666666666,0.2242240325295052
none,2011,15-30s,3PA,3,3,0.4501394115848217,0.3333333333333333,0.11680607825148837
none,2011,30-45s,2PA,10,10,0.33945810583859803,0.3,0.039458105838598045
none,2011,30-45s,3PA,4,4,0.465117055144029,0.5,-0.03488294485597099
none,2011,45-60s,2PA,10,10,0.349247785512535,0.4,-0.05075221448746503
none,2011,45-60s,3PA,1,1,0.503545094717234,0.0,0.503545094717234
none,2012,0-15s,2PA,17,17,0.4252639753450367,0.0,0.4252639753450367
none,2012,0-15s,3PA,28,27,0.49343311342055607,0.32142857142857145,0.17200454199198462
none,2012,15-30s,2PA,17,17,0.3647089997975822,0.11764705882352941,0.2470619409740528
none,2012,15-30s,3PA,9,9,0.49212302108753153,0.5555555555555556,-0.06343253446802405
none,2012,30-45s,2PA,16,16,0.3173582186626135,0.375,-0.05764178133738651
none,2012,30-45s,3PA,4,4,0.46316432567968174,0.25,0.21316432567968174
none,2012,45-60s,2PA,16,16,0.34614409006276076,0.375,-0.028855909937239244
none,2012,45-60s,3PA,6,6,0.4530817271782646,0.5,-0.046918272821735385
none,2013,0-15s,2PA,21,19,0.31466807095445276,0.3333333333333333,-0.018665262378880554
none,2013,0-15s,3PA,31,30,0.48351151887437455,0.5161290322580645,-0.032617513383689956
none,2013,15-30s,2PA,14,14,0.3302329349855416,0.0,0.3302329349855416
none,2013,15-30s,3PA,7,7,0.44549006705550415,0.14285714285714285,0.3026329241983613
none,2013,30-45s,2PA,11,11,0.3259110165966268,0.18181818181818182,0.14409283477844498
none,2013,30-45s,3PA,2,2,0.50047036708154,0.5,0.00047036708154002405
none,2013,45-60s,2PA,5,5,0.3766942078184182,0.0,0.3766942078184182
none,2013,45-60s,3PA,5,5,0.457053043110293,0.4,0.05705304311029297
none,2014,0-15s,2PA,16,16,0.39390179371973555,0.125,0.26890179371973555
none,2014,0-15s,3PA,25,24,0.45809362752429833,0.56,-0.10190637247570172
none,2014,15-30s,2PA,16,15,0.3676860625610623,0.0625,0.3051860625610623
none,2014,15-30s,3PA,8,8,0.4640224661113057,0.75,-0.2859775338886943
none,2014,30-45s,2PA,8,8,0.318311415481459,0.25,0.06831141548145903
none,2014,30-45s,3PA,5,5,0.4722475777762208,0.6,-0.1277524222237792
none,2014,45-60s,2PA,13,13,0.32626962227071804,0.23076923076923078,0.09550039150148726
none,2015,0-15s,2PA,21,20,0.4065190034012905,0.09523809523809523,0.31128090816319526
none,2015,0-15s,3PA,27,24,0.4738135468136602,0.4074074074074074,0.06640613940625284
none,2015,15-30s,2PA,14,14,0.3980248341493299,0.35714285714285715,0.040881977006472725
none,2015,15-30s,3PA,10,10,0.45756520849274124,0.4,0.057565208492741216
none,2015,30-45s,2PA,11,11,0.3316018536097957,0.0,0.3316018536097957
none,2015,30-45s,3PA,3,3,0.45408894466367133,1.0,-0.5459110553363287
none,2015,45-60s,2PA,12,12,0.3234868114974843,0.5,-0.17651318850251568
none,2015,45-60s,3PA,7,7,0.48059453341208386,0.5714285714285714,-0.09083403801648754
none,2016,0-15s,2PA,13,12,0.3863011507147248,0.23076923076923078,0.15553191994549403
none,2016,0-15s,3PA,22,20,0.460848715130612,0.45454545454545453,0.006303260585157455
none,2016,15-30s,2PA,10,10,0.35337318791208283,0.1,0.25337318791208285
none,2016,15-30s,3PA,7,7,0.49112746592161416,0.2857142857142857,0.20541318020732846
none,2016,30-45s,2PA,17,17,0.33777844545493896,0.35294117647058826,-0.0151627310156493
none,2016,30-45s,3PA,7,7,0.5098530696533344,0.0,0.5098530696533344
none,2016,45-60s,2PA,11,11,0.3514218459547801,0.5454545454545454,-0.19403269949976532
none,2016,45-60s,3PA,5,5,0.49896778847228307,0.2,0.29896778847228306
none,2017,0-15s,2PA,16,15,0.4199247467517254,0.25,0.16992474675172542
none,2017,0-15s,3PA,12,12,0.46893346990029044,0.3333333333333333,0.13560013656695713
none,2017,15-30s,2PA,14,14,0.3442021643649608,0.2857142857142857,0.05848787865067512
none,2017,15-30s,3PA,7,7,0.46872357923014585,0.42857142857142855,0.0401521506587173
none,2017,30-45s,2PA,5,5,0.3252759801952756,0.0,0.3252759801952756
none,2017,30-45s,3PA,5,4,0.4825642073648548,0.6,-0.1174357926351452
none,2017,45-60s,2PA,14,14,0.3247799524665657,0.42857142857142855,-0.10379147610486283
none,2017,45-60s,3PA,7,7,0.49838201947031296,0.5714285714285714,-0.07304655195825843
none,2018,0-15s,2PA,24,17,0.3646021627541756,0.125,0.23960216275417562
none,2018,0-15s,3PA,16,15,0.4673860739338108,0.4375,0.02988607393381082
none,2018,15-30s,2PA,14,14,0.33950959017810817,0.21428571428571427,0.1252238758923939
none,2018,15-30s,3PA,8,8,0.46723638587601735,0.5,-0.032763614123982654
none,2018,30-45s,2PA,13,13,0.36064263820912185,0.3076923076923077,0.05295033051681414
none,2018,30-45s,3PA,10,10,0.48061894625591794,0.5,-0.019381053744082055
none,2018,45-60s,2PA,12,12,0.3470572101810237,0.3333333333333333,0.013723876847690386
none,2018,45-60s,3PA,12,12,0.4877473837115362,0.5833333333333334,-0.09558594962179717
none,2019,0-15s,2PA,11,10,0.3119606024505502,0.0,0.3119606024505502
none,2019,0-15s,3PA,14,14,0.4816522086713889,0.5,-0.018347791328611085
none,2019,15-30s,2PA,9,9,0.3497075543383663,0.0,0.3497075543383663
none,2019,15-30s,3PA,9,9,0.4645788298427626,0.3333333333333333,0.1312454965094293
none,2019,30-45s,2PA,9,9,0.374911789737572,0.1111111111111111,0.2638006786264609
none,2019,30-45s,3PA,8,8,0.4683525120748574,0.375,0.0933525120748574
none,2019,45-60s,2PA,7,7,0.3467146942589551,0.7142857142857143,-0.3675710200267592
none,2019,45-60s,3PA,7,7,0.4658467423137206,0.42857142857142855,0.03727531374229204
none,2020,0-15s,2PA,6,6,0.34235194821161885,0.3333333333333333,0.009018614878285536
none,2020,0-15s,3PA,19,18,0.4945882003608412,0.42105263157894735,0.07353556878189388
none,2020,15-30s,2PA,13,13,0.39798047721821145,0.38461538461538464,0.013365092602826811
none,2020,15-30s,3PA,8,8,0.48797109443960685,0.375,0.11297109443960685
none,2020,30-45s,2PA,8,8,0.32974273704624374,0.375,-0.04525726295375626
none,2020,30-45s,3PA,5,5,0.4944272434263722,0.0,0.4944272434263722
none,2020,45-60s,2PA,13,13,0.34832117771999077,0.3076923076923077,0.04062887002768306
none,2020,45-60s,3PA,8,8,0.47467928063185927,0.125,0.34967928063185927
none,2021,0-15s,2PA,15,15,0.3880470129157398,0.13333333333333333,0.2547136795824064
none,2021,0-15s,3PA,18,17,0.4846854110620552,0.2777777777777778,0.20690763328427741
none,2021,15-30s,2PA,10,10,0.3170230426391373,0.3,0.017023042639137287
none,2021,15-30s,3PA,5,5,0.4503667883338044,0.4,0.05036678833380437
none,2021,30-45s,2PA,9,9,0.3630595145845905,0.3333333333333333,0.0297261812512572
none,2021,30-45s,3PA,5,5,0.4707769125613782,0.4,0.07077691256137819
none,2021,45-60s,2PA,12,12,0.339416457224395,0.08333333333333333,0.2560831238910617
none,2021,45-60s,3PA,4,4,0.47151749686667876,0.25,0.22151749686667876
none,2022,0-15s,2PA,21,21,0.40909638171653434,0.19047619047619047,0.21862019124034388
none,2022,0-15s,3PA,23,22,0.4800866759120491,0.34782608695652173,0.1322605889555274
none,2022,15-30s,2PA,14,14,0.34853833025981446,0.21428571428571427,0.13425261597410018
none,2022,15-30s,3PA,6,6,0.465524068258768,0.3333333333333333,0.1321907349254347
none,2022,30-45s,2PA,16,16,0.3508153050686716,0.25,0.10081530506867159
none,2022,30-45s,3PA,7,7,0.47556820751946444,0.42857142857142855,0.04699677894803589
none,2022,45-60s,2PA,15,15,0.351601722490245,0.4,-0.048398277509755006
none,2022,45-60s,3PA,4,4,0.48064247053536174,0.25,0.23064247053536174
none,2023,0-15s,2PA,19,19,0.38012002751853163,0.15789473684210525,0.22222529067642638
none,2023,0-15s,3PA,10,9,0.48353393694468083,0.4,0.08353393694468081
none,2023,15-30s,2PA,15,15,0.3371204733907734,0.2,0.13712047339077338
none,2023,15-30s,3PA,6,6,0.480127076541526,0.6666666666666666,-0.18653959012514065
none,2023,30-45s,2PA,9,9,0.3546841342673632,0.1111111111111111,0.24357302315625212
none,2023,30-45s,3PA,4,4,0.4588273570540208,0.5,-0.04117264294597922
none,2023,45-60s,2PA,10,10,0.33681573932972697,0.4,-0.06318426067027305
none,2023,45-60s,3PA,5,5,0.46109340434983215,0.4,0.061093404349832126
none,2024,0-15s,2PA,10,10,0.3798864184300896,0.4,-0.020113581569910444
none,2024,0-15s,3PA,15,15,0.4484013529541789,0.26666666666666666,0.18173468628751221
none,2024,15-30s,2PA,10,10,0.3499491402810029,0.2,0.14994914028100287
none,2024,15-30s,3PA,4,4,0.464730672667829,0.0,0.464730672667829
none,2024,30-45s,2PA,10,10,0.3356763906757673,0.3,0.03567639067576733
none,2024,30-45s,3PA,6,5,0.4644729000455307,0.3333333333333333,0.1311395667121974
none,2024,45-60s,2PA,7,7,0.3802535684086164,0.2857142857142857,0.0945392826943307
none,2024,45-60s,3PA,7,7,0.510308810954009,0.5714285714285714,-0.06111976047456236
surface,2000,0-15s,2PA,5,5,0.3540682047127844,0.2,0.15406820471278437
surface,2000,0-15s,3PA,24,22,0.46452260103206755,0.375,0.08952260103206755
surface,2000,15-30s,2PA,13,13,0.3493790982707494,0.15384615384615385,0.19553294442459557
surface,2000,15-30s,3PA,9,9,0.4612452751946414,0.3333333333333333,0.1279119418613081
surface,2000,30-45s,2PA,15,15,0.32223829368886764,0.26666666666666666,0.055571627022200976
surface,2000,30-45s,3PA,6,6,0.443294640554652,0.5,-0.05670535944534799
surface,2000,45-60s,2PA,17,16,0.3616509670088978,0.29411764705882354,0.06753331995007428
surface,2000,45-60s,3PA,3,3,0.47614235210170536,0.6666666666666666,-0.19052431456496127
surface,2001,0-15s,2PA,14,13,0.3107067178520702,0.0,0.3107067178520702
surface,2001,0-15s,3PA,24,23,0.489011772523533,0.5,-0.010988227476466994
surface,2001,15-30s,2PA,12,11,0.3370169946472937,0.08333333333333333,0.25368366131396036
surface,2001,15-30s,3PA,5,5,0.4824575250171678,0.6,-0.11754247498283216
surface,2001,30-45s,2PA,7,7,0.32163434192228885,0.0,0.32163434192228885
surface,2001,30-45s,3PA,6,6,0.4553046610242495,0.5,-0.04469533897575051
surface,2001,45-60s,2PA,13,13,0.33674366514430704,0.3076923076923077,0.029051357451999327
surface,2001,45-60s,3PA,7,7,0.4827195676280366,0.14285714285714285,0.33986242477089373
surface,2002,0-15s,2PA,23,23,0.3428116658666312,0.08695652173913043,0.25585514412750077
surface,2002,0-15s,3PA,26,26,0.4654434098102299,0.5,-0.03455659018977009
surface,2002,15-30s,2PA,11,11,0.3803398434940744,0.0,0.3803398434940744
surface,2002,15-30s,3PA,3,3,0.468400281567221,0.0,0.468400281567221
surface,2002,30-45s,2PA,11,11,0.30479779196764584,0.36363636363636365,-0.05883857166871781
surface,2002,30-45s,3PA,5,5,0.4645079764138952,0.4,0.06450797641389516
surface,2002,45-60s,2PA,8,8,0.3712929815729445,0.375,-0.0037070184270555084
surface,2002,45-60s,3PA,4,4,0.49830392417637676,0.25,0.24830392417637676
surface,2003,0-15s,2PA,15,14,0.3180135965102101,0.06666666666666667,0.25134692984354345
surface,2003,0-15s,3PA,28,25,0.4789507447451064,0.6071428571428571,-0.1281921123977507
surface,2003,15-30s,2PA,15,15,0.3333607602351994,0.13333333333333333,0.20002742690186606
surface,2003,15-30s,3PA,3,3,0.44462599070030434,0.0,0.44462599070030434
surface,2003,30-45s,2PA,15,15,0.30918072546486336,0.26666666666666666,0.0425140587981967
surface,2003,30-45s,3PA,4,4,0.45719447398455904,1.0,-0.542805526015441
surface,2003,45-60s,2PA,7,7,0.328697506923818,0.14285714285714285,0.18584036406667515
surface,2003,45-60s,3PA,3,3,0.474444334638455,0.0,0.474444334638455
surface,2004,0-15s,2PA,22,19,0.3559322169866659,0.09090909090909091,0.26502312607757494
surface,2004,0-15s,3PA,27,27,0.4866235621431716,0.3333333333333333,0.15329022880983828
surface,2004,15-30s,2PA,14,14,0.3993247168020607,0.21428571428571427,0.18503900251634645
surface,2004,15-30s,3PA,3,3,0.4444935692963137,0.3333333333333333,0.11116023596298036
surface,2004,30-45s,2PA,16,16,0.32373725386025787,0.25,0.07373725386025787
surface,2004,30-45s,3PA,2,2,0.4574172971495195,1.0,-0.5425827028504805
surface,2004,45-60s,2PA,16,16,0.34322970580950224,0.4375,-0.09427029419049776
surface,2004,45-60s,3PA,6,6,0.4560010204581057,0.3333333333333333,0.12266768712477238
surface,2005,0-15s,2PA,17,16,0.3483937417098885,0.17647058823529413,0.1719231534745944
surface,2005,0-15s,3PA,22,22,0.477137678076288,0.5454545454545454,-0.06831686737825743
surface,2005,15-30s,2PA,18,17,0.3681995489044399,0.2222222222222222,0.1459773266822177
surface,2005,15-30s,3PA,6,6,0.43594143946758573,0.5,-0.06405856053241427
surface,2005,30-45s,2PA,18,18,0.3116524907738859,0.1111111111111111,0.2005413796627748
surface,2005,30-45s,3PA,5,5,0.5013183596451408,0.6,-0.09868164035485916
surface,2005,45-60s,2PA,9,9,0.37215926661826143,0.3333333333333333,0.038825933284928116
surface,2005,45-60s,3PA,6,6,0.44327627749861936,0.3333333333333333,0.10994294416528605
surface,2006,0-15s,2PA,20,19,0.3835496055593502,0.3,0.0835496055593502
surface,2006,0-15s,3PA,32,29,0.48727603422112165,0.375,0.11227603422112165
surface,2006,15-30s,2PA,16,16,0.3453369998907236,0.25,0.09533699989072358
surface,2006,15-30s,3PA,11,10,0.44745734923850633,0.2727272727272727,0.17473007651123362
surface,2006,30-45s,2PA,11,11,0.36348737922109015,0.18181818181818182,0.18166919740290832
surface,2006,30-45s,3PA,4,4,0.456566167182202,0.25,0.206566167182202
surface,2006,45-60s,2PA,14,14,0.34752940936579024,0.21428571428571427,0.13324369508007597
surface,2006,45-60s,3PA,2,2,0.4559197034489785,1.0,-0.5440802965510215
surface,2007,0-15s,2PA,25,25,0.3877056711773868,0.04,0.3477056711773868
surface,2007,0-15s,3PA,26,25,0.47208005286965243,0.15384615384615385,0.3182338990234986
surface,2007,15-30s,2PA,11,11,0.4011385850220386,0.2727272727272727,0.12841131229476588
surface,2007,15-30s,3PA,5,5,0.46489220633949346,0.4,0.06489220633949344
surface,2007,30-45s,2PA,11,11,0.3341383718333787,0.0,0.3341383718333787
surface,2007,30-45s,3PA,5,5,0.4370392385184906,0.0,0.4370392385184906
surface,2007,45-60s,2PA,13,13,0.3081675005965069,0.3076923076923077,0.00047519290419917315
surface,2007,45-60s,3PA,3,3,0.5043141958411202,0.6666666666666666,-0.16235247082554638
surface,2008,0-15s,2PA,15,13,0.362966367903014,0.06666666666666667,0.29629970123634736
surface,2008,0-15s,3PA,24,22,0.47349458914469283,0.625,-0.15150541085530717
surface,2008,15-30s,2PA,11,10,0.35043446341111445,0.09090909090909091,0.25952537250202357
surface,2008,15-30s,3PA,7,7,0.45196485904874056,0.14285714285714285,0.3091077161915977
surface,2008,30-45s,2PA,16,16,0.3343705313634481,0.25,0.08437053136344808
surface,2008,30-45s,3PA,5,5,0.4699768960015572,0.4,0.06997689600155715
surface,2008,45-60s,2PA,15,15,0.3226856845518849,0.4,-0.07731431544811512
surface,2008,45-60s,3PA,5,5,0.44827706285496405,0.8,-0.351722937145036
surface,2009,0-15s,2PA,18,17,0.3470021791386601,0.2777777777777778,0.06922440136088231
surface,2009,0-15s,3PA,24,23,0.4556072663677854,0.25,0.20560726636778542
surface,2009,15-30s,2PA,16,15,0.3392114393214113,0.0625,0.2767114393214113
surface,2009,15-30s,3PA,5,5,0.4935506089418982,0.4,0.09355060894189815
surface,2009,30-45s,2PA,10,10,0.316358125517926,0.1,0.21635812551792602
surface,2009,30-45s,3PA,5,5,0.46829974364864,0.6,-0.13170025635135996
surface,2009,45-60s,2PA,5,5,0.32385747343803095,0.2,0.12385747343803094
surface,2009,45-60s,3PA,3,3,0.4736569732389004,0.3333333333333333,0.14032363990556707
surface,2010,0-15s,2PA,17,17,0.328801722783037,0.17647058823529413,0.15233113454774286
surface,2010,0-15s,3PA,24,24,0.46764362368333195,0.5,-0.032356376316668045
surface,2010,15-30s,2PA,22,22,0.33094493796073643,0.13636363636363635,0.19458130159710008
surface,2010,15-30s,3PA,7,7,0.49477325272668704,0.14285714285714285,0.3519161098695442
surface,2010,30-45s,2PA,19,19,0.3060000103251104,0.2631578947368421,0.04284211558826834
surface,2010,30-45s,3PA,6,6,0.4346980032221155,0.5,-0.06530199677788451
surface,2010,45-60s,2PA,17,16,0.36234926988738403,0.29411764705882354,0.06823162282856049
surface,2010,45-60s,3PA,1,1,0.499991149493252,0.0,0.499991149493252
surface,2011,0-15s,2PA,12,12,0.35838696591241664,0.08333333333333333,0.27505363257908333
surface,2011,0-15s,3PA,21,19,0.48401552879915866,0.6190476190476191,-0.1350320902484604
surface,2011,15-30s,2PA,12,12,0.3676970561531067,0.16666666666666666,0.20103038948644006
surface,2011,15-30s,3PA,3,3,0.44633027438427936,0.3333333333333333,0.11299694105094604
surface,2011,30-45s,2PA,10,10,0.3279722926909886,0.3,0.02797229269098861
surface,2011,30-45s,3PA,4,4,0.45749663222956,0.5,-0.042503367770440004
surface,2011,45-60s,2PA,10,10,0.3536332632438477,0.4,-0.04636673675615233
surface,2011,45-60s,3PA,1,1,0.507206873935019,0.0,0.507206873935019
surface,2012,0-15s,2PA,17,17,0.3930601845512698,0.0,0.3930601845512698
surface,2012,0-15s,3PA,28,27,0.4875894392472124,0.32142857142857145,0.16616086781864092
surface,2012,15-30s,2PA,17,17,0.3435291562227889,0.11764705882352941,0.2258820973992595
surface,2012,15-30s,3PA,9,9,0.4897279894836318,0.5555555555555556,-0.0658275660719238
surface,2012,30-45s,2PA,16,16,0.30649975260311535,0.375,-0.06850024739688465
surface,2012,30-45s,3PA,4,4,0.45770610438685977,0.25,0.20770610438685977
surface,2012,45-60s,2PA,16,16,0.35474134591970896,0.375,-0.02025865408029104
surface,2012,45-60s,3PA,6,6,0.4436984757316067,0.5,-0.0563015242683933
surface,2013,0-15s,2PA,21,19,0.27700815407466434,0.3333333333333333,-0.05632517925866898
surface,2013,0-15s,3PA,31,30,0.47563804088021777,0.5161290322580645,-0.04049099137784673
surface,2013,15-30s,2PA,14,14,0.31113814555113495,0.0,0.31113814555113495
surface,2013,15-30s,3PA,7,7,0.4421585164245167,0.14285714285714285,0.29930137356737385
surface,2013,30-45s,2PA,11,11,0.31158731954154945,0.18181818181818182,0.12976913772336762
surface,2013,30-45s,3PA,2,2,0.49946309239860753,0.5,-0.0005369076013924667
surface,2013,45-60s,2PA,5,5,0.3982101789922786,0.0,0.3982101789922786
surface,2013,45-60s,3PA,5,5,0.4482408894908782,0.4,0.04824088949087818
surface,2014,0-15s,2PA,16,16,0.3691695651716427,0.125,0.24416956517164268
surface,2014,0-15s,3PA,25,24,0.4571136952856434,0.56,-0.10288630471435667
surface,2014,15-30s,2PA,16,15,0.34660792883701463,0.0625,0.28410792883701463
surface,2014,15-30s,3PA,8,8,0.4567900121702476,0.75,-0.2932099878297524
surface,2014,30-45s,2PA,8,8,0.3022266748520731,0.25,0.05222667485207311
surface,2014,30-45s,3PA,5,5,0.46518531365569943,0.6,-0.13481468634430055
surface,2014,45-60s,2PA,13,13,0.3339538492459585,0.23076923076923078,0.10318461847672772
surface,2015,0-15s,2PA,21,20,0.37795038211790083,0.09523809523809523,0.2827122868798056
surface,2015,0-15s,3PA,27,24,0.47070907564249925,0.4074074074074074,0.06330166823509187
surface,2015,15-30s,2PA,14,14,0.3797713653425614,0.35714285714285715,0.022628508199704245
surface,2015,15-30s,3PA,10,10,0.4515773061182829,0.4,0.05157730611828287
surface,2015,30-45s,2PA,11,11,0.32413907744073484,0.0,0.32413907744073484
surface,2015,30-45s,3PA,3,3,0.44838136919677835,1.0,-0.5516186308032216
surface,2015,45-60s,2PA,12,12,0.33035029288340184,0.5,-0.16964970711659816
surface,2015,45-60s,3PA,7,7,0.47652618790069845,0.5714285714285714,-0.09490238352787295
surface,2016,0-15s,2PA,13,12,0.3525003837840487,0.23076923076923078,0.1217311530148179
surface,2016,0-15s,3PA,22,20,0.45970275448272024,0.45454545454545453,0.0051572999372657136
surface,2016,15-30s,2PA,10,10,0.3311877428495926,0.1,0.23118774284959262
surface,2016,15-30s,3PA,7,7,0.4779934674834583,0.2857142857142857,0.19227918176917258
surface,2016,30-45s,2PA,17,17,0.3252170662682546,0.35294117647058826,-0.027724110202333674
surface,2016,30-45s,3PA,7,7,0.5081958067559571,0.0,0.5081958067559571
surface,2016,45-60s,2PA,11,11,0.3611625028556657,0.5454545454545454,-0.1842920425988797
surface,2016,45-60s,3PA,5,5,0.501228115111628,0.2,0.301228115111628
surface,2017,0-15s,2PA,16,15,0.3986102865497677,0.25,0.1486102865497677
surface,2017,0-15s,3PA,12,12,0.4629152114402149,0.3333333333333333,0.1295818781068816
surface,2017,15-30s,2PA,14,14,0.3236612952157131,0.2857142857142857,0.037947009501427376
surface,2017,15-30s,3PA,7,7,0.46060768185847933,0.42857142857142855,0.03203625328705079
surface,2017,30-45s,2PA,5,5,0.31024036984573045,0.0,0.31024036984573045
surface,2017,30-45s,3PA,5,4,0.47477473481073795,0.6,-0.12522526518926202
surface,2017,45-60s,2PA,14,14,0.3320344920181255,0.42857142857142855,-0.09653693655330303
surface,2017,45-60s,3PA,7,7,0.49883020781597703,0.5714285714285714,-0.07259836361259436
surface,2018,0-15s,2PA,24,17,0.3295233388137452,0.125,0.20452333881374518
surface,2018,0-15s,3PA,16,15,0.4651728687695887,0.4375,0.027672868769588688
surface,2018,15-30s,2PA,14,14,0.3141049505428257,0.21428571428571427,0.09981923625711145
surface,2018,15-30s,3PA,8,8,0.45328008896406274,0.5,-0.046719911035937256
surface,2018,30-45s,2PA,13,13,0.35183197325213467,0.3076923076923077,0.04413966555982696
surface,2018,30-45s,3PA,10,10,0.47138632612131487,0.5,-0.02861367387868513
surface,2018,45-60s,2PA,12,12,0.3548322656439375,0.3333333333333333,0.02149893231060418
surface,2018,45-60s,3PA,12,12,0.4808027434355413,0.5833333333333334,-0.10253058989779207
surface,2019,0-15s,2PA,11,10,0.2743566557253819,0.0,0.2743566557253819
surface,2019,0-15s,3PA,14,14,0.47691091336876373,0.5,-0.023089086631236266
surface,2019,15-30s,2PA,9,9,0.32791276897451305,0.0,0.32791276897451305
surface,2019,15-30s,3PA,9,9,0.4570805056898104,0.3333333333333333,0.12374717235647709
surface,2019,30-45s,2PA,9,9,0.36396770746709156,0.1111111111111111,0.25285659635598046
surface,2019,30-45s,3PA,8,8,0.45935821861959486,0.375,0.08435821861959486
surface,2019,45-60s,2PA,7,7,0.35034600804998256,0.7142857142857143,-0.36393970623573174
surface,2019,45-60s,3PA,7,7,0.4635474228691097,0.42857142857142855,0.03497599429768117
surface,2020,0-15s,2PA,6,6,0.2875848512481296,0.3333333333333333,-0.04574848208520371
surface,2020,0-15s,3PA,19,18,0.49188224965891997,0.42105263157894735,0.07082961807997262
surface,2020,15-30s,2PA,13,13,0.37547692472837496,0.38461538461538464,-0.009138459887009676
surface,2020,15-30s,3PA,8,8,0.4884943848655335,0.375,0.11349438486553348
surface,2020,30-45s,2PA,8,8,0.30539321148619963,0.375,-0.06960678851380037
surface,2020,30-45s,3PA,5,5,0.4919461344496246,0.0,0.4919461344496246
surface,2020,45-60s,2PA,13,13,0.34794369899037664,0.3076923076923077,0.04025139129806893
surface,2020,45-60s,3PA,8,8,0.4687326206369987,0.125,0.3437326206369987
surface,2021,0-15s,2PA,15,15,0.3453508511846976,0.13333333333333333,0.21201751785136427
surface,2021,0-15s,3PA,18,17,0.483115616042751,0.2777777777777778,0.2053378382649732
surface,2021,15-30s,2PA,10,10,0.29508209599058477,0.3,-0.004917904009415219
surface,2021,15-30s,3PA,5,5,0.4694543266278496,0.4,0.06945432662784956
surface,2021,30-45s,2PA,9,9,0.3521800324580991,0.3333333333333333,0.018846699124765776
surface,2021,30-45s,3PA,5,5,0.4607023746111258,0.4,0.060702374611125764
surface,2021,45-60s,2PA,12,12,0.3467830867635428,0.08333333333333333,0.2634497534302095
surface,2021,45-60s,3PA,4,4,0.46633172999224776,0.25,0.21633172999224776
surface,2022,0-15s,2PA,21,21,0.3816832494623038,0.19047619047619047,0.19120705898611334
surface,2022,0-15s,3PA,23,22,0.47724349631720075,0.34782608695652173,0.12941740936067903
surface,2022,15-30s,2PA,14,14,0.32609074812188527,0.21428571428571427,0.11180503383617099
surface,2022,15-30s,3PA,6,6,0.45761118336709045,0.3333333333333333,0.12427785003375713
surface,2022,30-45s,2PA,16,16,0.33953445054367104,0.25,0.08953445054367104
surface,2022,30-45s,3PA,7,7,0.47108016577275386,0.42857142857142855,0.04250873720132531
surface,2022,45-60s,2PA,15,15,0.3606544482028184,0.4,-0.03934555179718163
surface,2022,45-60s,3PA,4,4,0.47277228811371147,0.25,0.22277228811371147
surface,2023,0-15s,2PA,19,19,0.34871103115899543,0.15789473684210525,0.19081629431689018
surface,2023,0-15s,3PA,10,9,0.4785703585624342,0.4,0.07857035856243416
surface,2023,15-30s,2PA,15,15,0.3126858414095736,0.2,0.1126858414095736
surface,2023,15-30s,3PA,6,6,0.47272514449461395,0.6666666666666666,-0.19394152217205268
surface,2023,30-45s,2PA,9,9,0.3445724743568863,0.1111111111111111,0.2334613632457752
surface,2023,30-45s,3PA,4,4,0.45414803521151476,0.5,-0.045851964788485244
surface,2023,45-60s,2PA,10,10,0.3425630434933779,0.4,-0.05743695650662212
surface,2023,45-60s,3PA,5,5,0.4524292333251506,0.4,0.05242923332515059
surface,2024,0-15s,2PA,10,10,0.3592569884635216,0.4,-0.04074301153647841
surface,2024,0-15s,3PA,15,15,0.442592947876921,0.26666666666666666,0.17592628121025433
surface,2024,15-30s,2PA,10,10,0.3269189467232856,0.2,0.12691894672328558
surface,2024,15-30s,3PA,4,4,0.4571188558739655,0.0,0.4571188558739655
surface,2024,30-45s,2PA,10,10,0.32383753800286896,0.3,0.023837538002868974
surface,2024,30-45s,3PA,6,5,0.4573770063661559,0.3333333333333333,0.1240436730328226
surface,2024,45-60s,2PA,7,7,0.38597128069506587,0.2857142857142857,0.10025699498078017
surface,2024,45-60s,3PA,7,7,0.5090444667381164,0.5714285714285714,-0.06238410469045497
