time_left_game,score_diff,tau_catboost,tau_xgb,tau_lgbm,tau_mean_ensemble,tau_std_across_models,tau_sign_agree_ratio,tau_sign_disagree
30.0,-10.0,0.00835510715842247,0.010847299359738827,0.007163654081523418,0.008788686866561571,0.0015347755875940866,1.0,0
30.0,-9.0,0.006725536659359932,0.009717042557895184,0.006538014858961105,0.007660198025405407,0.0014564221410774693,1.0,0
30.0,-8.0,0.0033360093366354704,0.006728713400661945,0.001963450573384762,0.004009391103560726,0.002002833776806914,1.0,0
30.0,-7.0,0.01410744059830904,0.016218550503253937,0.01161593571305275,0.013980642271538576,0.0018811475378074456,1.0,0
30.0,-6.0,0.011400524526834488,0.018315203487873077,0.014577621594071388,0.014764449869592985,0.0028259953865211467,1.0,0
30.0,-5.0,0.012117546051740646,0.01663861982524395,0.01722855120897293,0.01532823902865251,0.0022830413638201224,1.0,0
30.0,-4.0,0.007833370938897133,0.0072347973473370075,0.01651626266539097,0.010528143650541702,0.004241285150213144,1.0,0
30.0,-3.0,0.006683339364826679,0.008055474609136581,0.007252356968820095,0.007330390314261119,0.000562882867874473,1.0,0
30.0,-2.0,0.009969297796487808,0.00877444539219141,0.007572024594992399,0.008771922594557205,0.0009786843120683127,1.0,0
30.0,-1.0,0.014851351268589497,0.006562609225511551,0.009780782274901867,0.010398247589667639,0.0034119162480318968,1.0,0
30.0,0.0,0.0017470434540882707,0.00019537709886208177,0.0007658888935111463,0.0009027698154871663,0.000640816879504062,1.0,0
30.0,1.0,0.0020642648451030254,0.0022504085209220648,0.00020390447753015906,0.0015061926145184164,0.0009239870709113902,1.0,0
30.0,2.0,-0.0002315419405931607,0.0005292370333336294,-0.0006374343647621572,-0.00011324642400722951,0.0004835810236950602,0.3333333333333333,1
30.0,3.0,-0.0038038792554289103,-0.002788812154904008,-0.000935789430513978,-0.002509493613615632,0.0011874339129893338,0.0,0
30.0,4.0,0.0016587685095146298,0.000696937320753932,0.0027548468206077814,0.0017035175502921145,0.0008407337013525979,1.0,0
30.0,5.0,0.001390960649587214,-0.0008205653284676373,0.0018623605137690902,0.0008109186116295556,0.001169575234314854,0.6666666666666666,1
30.0,6.0,-0.0012927752686664462,-0.0007349577499553561,0.0008378984057344496,-0.00039661153762911755,0.0009021460326144128,0.3333333333333333,1
30.0,7.0,-0.0013766655465587974,-0.0016899238107725978,0.0006356093217618763,-0.000810326678523173,0.001030398263687333,0.3333333333333333,1
30.0,8.0,-0.0011134035885334015,-0.0016899238107725978,0.0005288682878017426,-0.0007581530371680856,0.0009400041878835796,0.3333333333333333,1
30.0,9.0,-0.0011134035885334015,-0.0016899238107725978,0.0005288682878017426,-0.0007581530371680856,0.0009400041878835796,0.3333333333333333,1
30.0,10.0,-0.0014389673015102744,-0.0016899238107725978,0.0005288682878017426,-0.0008666742748270432,0.0009921018346475902,0.3333333333333333,1
41.25,-10.0,0.005516619421541691,0.008191109634935856,0.004152071662247181,0.005953266906241576,0.0016775880912044158,1.0,0
41.25,-9.0,0.003754393896088004,0.0070608509704470634,0.002470492385327816,0.004428579083954294,0.0019336911569410844,1.0,0
41.25,-8.0,0.0016192217590287328,0.003828126471489668,-0.0014089781325310469,0.0013461233659957845,0.002146742215167225,0.6666666666666666,1
41.25,-7.0,0.007691306062042713,0.010221977718174458,0.00519038550555706,0.007701223095258077,0.0020541508885147416,1.0,0
41.25,-6.0,0.007115782238543034,0.01075275894254446,0.00318539934232831,0.007017980174471934,0.0030901355701164427,1.0,0
41.25,-5.0,0.0069530075415968895,0.007409272249788046,0.005827422719448805,0.00672990083694458,0.0006647778753860715,1.0,0
41.25,-4.0,0.004958985839039087,0.007520589977502823,0.005367211997509003,0.005948929271350305,0.0011237586278682954,1.0,0
41.25,-3.0,0.0035244273021817207,0.009227688424289227,0.0016652956837788224,0.00480580380341659,0.0032175446429297404,1.0,0
41.25,-2.0,0.004217981360852718,0.009227688424289227,0.0016652956837788224,0.0050369884896402555,0.0031411808287314207,1.0,0
41.25,-1.0,0.006205838173627853,0.009851873852312565,0.002848782343789935,0.006302164789910118,0.00285981139027719,1.0,0
41.25,0.0,0.0033303676173090935,-0.0011750705307349563,0.004250409547239542,0.00213523554460456,0.0023706840113533784,0.6666666666666666,1
41.25,1.0,-0.0008901537512429059,-0.0006985200452618301,-0.001438877428881824,-0.00100918374179552,0.0003137497600088084,0.0,0
41.25,2.0,-0.0029171768110245466,-0.002419643336907029,-0.001696453313343227,-0.002344424487091601,0.0005011885014466419,0.0,0
41.25,3.0,-0.004375746939331293,-0.0047125741839408875,-0.0019337404519319534,-0.0036740205250680447,0.0012382229734297298,0.0,0
41.25,4.0,0.0009087826474569738,-0.0012268157443031669,0.0017568954499438405,0.00047962078436588246,0.0012553267970844852,0.6666666666666666,1
41.25,5.0,0.00029282260220497847,-0.0024999321904033422,0.0007666619494557381,-0.0004801492129142086,0.001441243303278321,0.6666666666666666,1
41.25,6.0,-0.000711678119841963,-0.002414324088022113,-0.0002578003332018852,-0.0011279341803553204,0.0009282961119569403,0.0,0
41.25,7.0,-0.0007955683977343142,-0.0033692927099764347,-0.0004600893589667976,-0.0015416501555591822,0.0012995754502658958,0.0,0
41.25,8.0,-0.0009606860112398863,-0.0033692927099764347,-0.0005668303929269314,-0.0016322697047144175,0.0012387405573474719,0.0,0
41.25,9.0,-0.0009606860112398863,-0.0033692927099764347,-0.0005668303929269314,-0.0016322697047144175,0.0012387405573474719,0.0,0
41.25,10.0,-0.0012862493749707937,-0.0033692927099764347,-0.0005668303929269314,-0.0017407908259580533,0.001188389584723747,0.0,0
52.5,-10.0,0.006749742664396763,0.0035916620399802923,0.0026925692800432444,0.0043446579948067665,0.0017398115125237792,1.0,0
52.5,-9.0,0.0049875169061124325,0.002461405238136649,0.00147554452996701,0.002974822224738697,0.0014790053514216407,1.0,0
52.5,-8.0,0.002244961215183139,-0.0007713584927842021,0.0009243760141544044,0.0007993262455177804,0.00123457799231022,0.6666666666666666,1
52.5,-7.0,0.008317044004797935,0.00562244700267911,0.004465771373361349,0.006135087460279465,0.0016135210771249418,1.0,0
52.5,-6.0,0.008450495079159737,0.005126283038407564,0.005116190295666456,0.006230989471077919,0.0015694328750844976,1.0,0
52.5,-5.0,0.008240779861807823,0.009668707847595215,0.005508776754140854,0.00780608815451463,0.0017258764605969923,1.0,0
52.5,-4.0,0.0068834624253213406,0.00929307658225298,0.002684034639969468,0.006286857882514596,0.002730910908358709,1.0,0
52.5,-3.0,0.00721844844520092,0.009944992139935493,0.0035489555448293686,0.006904132043321927,0.0026206127949841306,1.0,0
52.5,-2.0,0.00711122015491128,0.009944992139935493,0.0035489555448293686,0.006868389279892047,0.0026168105468147213,1.0,0
52.5,-1.0,0.008687526918947697,0.010569182224571705,0.002861845074221492,0.007372851405913631,0.003280959236333248,1.0,0
52.5,0.0,0.001478336052969098,0.00478993309661746,0.0016632629558444023,0.0026438440351436534,0.0015193909272435246,1.0,0
52.5,1.0,-0.0012557810405269265,0.0023984434083104134,-0.0014539419207721949,-0.00010375985099623601,0.0017711733957612222,0.3333333333333333,1
52.5,2.0,-0.0034072797279804945,-0.0017530645709484816,-0.000698251067660749,-0.001952865122196575,0.0011149437252817532,0.0,0
52.5,3.0,-0.004938161000609398,-0.004600036423653364,-0.0026690433733165264,-0.004069080265859763,0.000999553077712573,0.0,0
52.5,4.0,2.4644608856760897e-05,-0.0011142819421365857,0.0010215925285592675,-2.26816015735191e-05,0.0008726090251988922,0.6666666666666666,1
52.5,5.0,-0.0003584423684515059,-0.002387407934293151,0.0002267226664116606,-0.0008397092121109987,0.0011201586287932028,0.3333333333333333,1
52.5,6.0,-0.0008974199299700558,-0.0023017972707748413,-0.0001757369755068794,-0.001124984725417259,0.0008827503976677737,0.0,0
52.5,7.0,-0.0009813102660700679,-0.0038753976114094257,-0.0007993440376594663,-0.0018853506383796532,0.0014091352296637383,0.0,0
52.5,8.0,-0.0012915473198518157,-0.0038753976114094257,-0.0010516972979530692,-0.002072880743071437,0.0012783276324253889,0.0,0
52.5,9.0,-0.0012915473198518157,-0.0038753976114094257,-0.0010516972979530692,-0.002072880743071437,0.0012783276324253889,0.0,0
52.5,10.0,-0.0016084701055660844,-0.0038753976114094257,-0.0010516972979530692,-0.00217852167164286,0.0012212125002208037,0.0,0
63.75,-10.0,0.005445382557809353,0.0041338130831718445,0.003224090440198779,0.004267762027059992,0.000911771684731172,1.0,0
63.75,-9.0,0.0036831574980169535,0.0030035567469894886,0.0020070660393685102,0.0028979267614583173,0.0006883259474120542,1.0,0
63.75,-8.0,0.0013013434363529086,-0.0002291900891577825,0.0015085804043337703,0.0008602445838429654,0.0007749785890705455,0.6666666666666666,1
63.75,-7.0,0.007373427972197533,0.0061646150425076485,0.004790219012647867,0.0061094206757843494,0.0010553125747893863,1.0,0
63.75,-6.0,0.006242157891392708,0.00566843431442976,0.00560511089861393,0.005838567701478799,0.0002865498732550231,1.0,0
63.75,-5.0,0.0062586963176727295,0.010210861451923847,0.005736899096518755,0.0074021522887051105,0.0019974489493122093,1.0,0
63.75,-4.0,0.004975860472768545,0.009835226461291313,0.004004874266684055,0.006271987066914638,0.0025505829123725135,1.0,0
63.75,-3.0,0.0054877144284546375,0.010487144812941551,0.004869794938713312,0.0069482180600365,0.002515082244615586,1.0,0
63.75,-2.0,0.005380487535148859,0.010487144812941551,0.004869794938713312,0.006912475762267907,0.002536256539126977,1.0,0
63.75,-1.0,0.006464875303208828,0.011111333966255188,0.004182685166597366,0.007252964812020461,0.002882979633720891,1.0,0
63.75,0.0,-0.00019557490304578096,0.005044672638177872,0.0012663531815633178,0.0020384836388984695,0.0022078930613722483,0.6666666666666666,1
63.75,1.0,-0.0006111476686783135,0.002653182949870825,-0.0014552539214491844,0.00019559378658110896,0.0017716164395133625,0.3333333333333333,1
63.75,2.0,-0.003213193966075778,-0.001498325145803392,-0.0007226690649986267,-0.0018113960589592655,0.0010405731171553262,0.0,0
63.75,3.0,-0.005054940935224295,-0.004345296882092953,-0.0025680025573819876,-0.003989413458233078,0.001046010000694672,0.0,0
63.75,4.0,-9.213604062097147e-05,-0.0008595401886850595,0.0010215925285592675,2.330543308441217e-05,0.0007722953344242556,0.3333333333333333,1
63.75,5.0,-0.00011178184649907053,-0.002132667927071452,0.0002267226664116606,-0.0006725757023862874,0.0010416487907014816,0.3333333333333333,1
63.75,6.0,-0.0006507593207061291,-0.00204705772921443,-0.0001757369755068794,-0.0009578513418091461,0.0007942247678850115,0.0,0
63.75,7.0,-0.000734649773221463,-0.0036206580698490143,-0.0007993440376594663,-0.0017182172935766478,0.0013454880198601167,0.0,0
63.75,8.0,-0.0010448868852108717,-0.0036206580698490143,-0.0010516972979530692,-0.001905747417670985,0.0012126281386986655,0.0,0
63.75,9.0,-0.0010448868852108717,-0.0036206580698490143,-0.0010516972979530692,-0.001905747417670985,0.0012126281386986655,0.0,0
63.75,10.0,-0.0013618095545098186,-0.0036206580698490143,-0.0010516972979530692,-0.0020113883074373007,0.001144946659332847,0.0,0
75.0,-10.0,0.003976679872721434,0.002337503246963024,0.0013371531385928392,0.0025504454194257655,0.0010880513534616996,1.0,0
75.0,-9.0,0.002214454347267747,0.001459237071685493,0.00048705836525186896,0.0013869165947350364,0.0007070581815809814,1.0,0
75.0,-8.0,-0.00016735972894821316,-0.0011578579433262348,-0.00045416306238621473,-0.0005931269115535542,0.0004161369099251388,0.0,0
75.0,-7.0,0.005472983233630657,0.0057644168846309185,0.0037439027801156044,0.004993767632792394,0.0008917604333382421,1.0,0
75.0,-6.0,0.004045346286147833,0.003510093782097101,0.002970830537378788,0.0035087568685412407,0.0004386702361239531,1.0,0
75.0,-5.0,0.0036217577289789915,0.005654019303619862,0.0031823688186705112,0.0041527152837564545,0.0010766308478053306,1.0,0
75.0,-4.0,0.0023625732865184546,0.0026407057885080576,0.0024553141556680202,0.002486197743564844,0.00011562805071084545,1.0,0
75.0,-3.0,0.0022567156702280045,0.0037866439670324326,0.0028320597484707832,0.0029584731285770736,0.0006309545178236688,1.0,0
75.0,-2.0,0.0021494899410754442,0.0037866439670324326,0.0028320597484707832,0.0029227312188595533,0.0006714334480962552,1.0,0
75.0,-1.0,0.002347888657823205,0.0044108303263783455,0.0020621244329959154,0.002940281139065822,0.0010463592379538135,1.0,0
75.0,0.0,-0.0010199714452028275,0.0010477530304342508,0.0004932364681735635,0.00017367268446832895,0.0008738656974154789,0.6666666666666666,1
75.0,1.0,-0.001516351941972971,0.00010389831732027233,-0.0009380827541463077,-0.0007835121262663355,0.0006704335835548824,0.3333333333333333,1
75.0,2.0,-0.003986713942140341,-0.0017533223144710064,-0.0009836177341639996,-0.0022412179969251156,0.0012736243183159076,0.0,0
75.0,3.0,-0.00498926779255271,-0.005033445078879595,-0.0030517172999680042,-0.004358143390466769,0.000923958785375451,0.0,0
75.0,4.0,-2.6462716050446033e-05,-0.0015476886183023453,0.0005378779023885727,-0.0003454244773214062,0.0008807948614448618,0.3333333333333333,1
75.0,5.0,0.00014587915211450309,-0.0028208126313984394,-0.00025699211983010173,-0.0009773085330380127,0.0013138890962693752,0.3333333333333333,1
75.0,6.0,-0.0003930983366444707,-0.0027352015022188425,-0.0006594517617486417,-0.0012625838668706517,0.0010469600634599372,0.0,0
75.0,7.0,-0.00047698867274448276,-0.004308802075684071,-0.001283058780245483,-0.0020229498428913453,0.0016495004450184877,0.0,0
75.0,8.0,-0.0007872256683185697,-0.004308802075684071,-0.0015354121569544077,-0.0022104799669856825,0.0015148514799221832,0.0,0
75.0,9.0,-0.0007872256683185697,-0.004308802075684071,-0.0015354121569544077,-0.0022104799669856825,0.0015148514799221832,0.0,0
75.0,10.0,-0.0011041485704481602,-0.004308802075684071,-0.0015354121569544077,-0.0023161209343622127,0.0014199954620811044,0.0,0
86.25,-10.0,0.003828054992482066,0.0029837482143193483,0.0014253188855946064,0.002745707364132007,0.0009952496452661549,1.0,0
86.25,-9.0,0.0020658280700445175,0.002105481456965208,0.0005752238794229925,0.0015821778021442394,0.0007122079516715843,1.0,0
86.25,-8.0,-0.000315986224450171,-0.0005116073880344629,-0.00036599751911126077,-0.0003978637105319649,8.297991936713282e-05,0.0,0
86.25,-7.0,0.004793357569724321,0.006410667207092047,0.003832068759948015,0.005012031178921461,0.001064003790225981,1.0,0
86.25,-6.0,0.0033657210879027843,0.004697509575635195,0.003058995818719268,0.003707408827419082,0.0007112171334655845,1.0,0
86.25,-5.0,0.002942131832242012,0.006841426249593496,0.00392095185816288,0.004568169979999463,0.0016563600074102989,1.0,0
86.25,-4.0,0.0016829476226121187,0.004743367433547974,0.003395455190911889,0.0032739234156906605,0.0012523630554764544,1.0,0
86.25,-3.0,0.002215686719864607,0.005889304913580418,0.0037722005508840084,0.003959064061443011,0.0015055577343039755,1.0,0
86.25,-2.0,0.0021084605250507593,0.005889304913580418,0.0037722005508840084,0.003923321996505062,0.001547217791405808,1.0,0
86.25,-1.0,0.002035917714238167,0.006513454485684633,0.003002266166731715,0.0038505461222181716,0.0019238447697382604,1.0,0
86.25,0.0,-0.0006410581991076469,0.001980947097763419,0.0007829597452655435,0.0007076162146404386,0.0010717541477752797,0.6666666666666666,1
86.25,1.0,-0.0019795726984739304,-0.0005133128724992275,-0.0009380827541463077,-0.0011436561083731551,0.0006159950066317633,0.0,0
86.25,2.0,-0.0044499351643025875,-0.0017533223144710064,-0.0009836177341639996,-0.002395625070979198,0.001486215272626897,0.0,0
86.25,3.0,-0.004976664204150438,-0.005033445078879595,-0.0030517172999680042,-0.004353942194332679,0.0009211037848006302,0.0,0
86.25,4.0,-1.3858857528248336e-05,-0.0015476886183023453,0.0005378779023885727,-0.0003412231911473403,0.0008823349640777434,0.3333333333333333,1
86.25,5.0,0.0001584830752108246,-0.0028208126313984394,-0.00025699211983010173,-0.0009731072253392389,0.0013174891169971438,0.3333333333333333,1
86.25,6.0,-0.0003804945445153862,-0.0027352015022188425,-0.0006594517617486417,-0.0012583826028276235,0.0010504601621705125,0.0,0
86.25,7.0,-0.0004643849388230592,-0.004308802075684071,-0.001283058780245483,-0.002018748598250871,0.0016534439637284869,0.0,0
86.25,8.0,-0.0007746219052933156,-0.004308802075684071,-0.0015354121569544077,-0.002206278712643931,0.0015188051928742869,0.0,0
86.25,9.0,-0.0007746219052933156,-0.004308802075684071,-0.0015354121569544077,-0.002206278712643931,0.0015188051928742869,0.0,0
86.25,10.0,-0.0010915447492152452,-0.004308802075684071,-0.0015354121569544077,-0.002311919660617908,0.00142358915037863,0.0,0
97.5,-10.0,0.0034943397622555494,0.002287358045578003,0.0009557717712596059,0.0022458231930310526,0.0010367821112169996,1.0,0
97.5,-9.0,0.0017321138875558972,0.0014090909389778972,0.00010567684512352571,0.00108229389055244,0.0007030512529414115,1.0,0
97.5,-8.0,-0.0005775224999524653,-0.0012079975567758083,-0.0010427091037854552,-0.0009427430535045763,0.0002669202224456699,0.0,0
97.5,-7.0,0.004309669602662325,0.0059440708719193935,0.0035109883174300194,0.004588242930670579,0.0010126450525063328,1.0,0
97.5,-6.0,0.002865763381123543,0.0036200250033289194,0.002670085756108165,0.0030519580468535423,0.0004095505532591495,1.0,0
97.5,-5.0,0.003149444004520774,0.004342284984886646,0.0023163522128015757,0.003269360400736332,0.0008314188097515674,1.0,0
97.5,-4.0,0.001402266905643046,0.003523400519043207,0.0020399107597768307,0.0023218593948210278,0.000888603108283434,1.0,0
97.5,-3.0,0.001270823646336794,0.004669337999075651,0.0024166558869183064,0.0027856058441102505,0.0014117525762037662,1.0,0
97.5,-2.0,0.0011635981500148773,0.004669337999075651,0.0024166558869183064,0.002749864012002945,0.0014504766373598208,1.0,0
97.5,-1.0,0.001091054524295032,0.005293501075357199,0.0016467211535200477,0.002677092251057426,0.0018639362833555338,1.0,0
97.5,0.0,-0.001839343341998756,0.000733489403501153,-0.0007207157323136926,-0.0006088565569370985,0.0010533285148885884,0.3333333333333333,1
97.5,1.0,-0.0012121206382289529,-0.001496936660259962,-0.00093328912043944,-0.0012141154729761183,0.00023011246787992334,0.0,0
97.5,2.0,-0.003673164639621973,-0.0011493434431031346,-0.0009647289989516139,-0.0019290790272255738,0.0012355556350008244,0.0,0
97.5,3.0,-0.004728386178612709,-0.004585164599120617,-0.0027369579765945673,-0.004016836251442631,0.0009068974230966787,0.0,0
97.5,4.0,0.00023441870871465653,-0.001420046086423099,0.0006869662320241332,-0.00016622038189476976,0.0009056338436753772,0.6666666666666666,1
97.5,5.0,0.00046630302676931024,-0.0026931713800877333,-0.00010790389205794781,-0.000778257415125457,0.0013741906748611303,0.3333333333333333,1
97.5,6.0,-7.26745929569006e-05,-0.002607558621093631,-0.0010796383721753955,-0.0012532905287419756,0.0010421214141150866,0.0,0
97.5,7.0,-0.00015656503092031926,-0.004181154537945986,-0.001703245216049254,-0.0020136549283051863,0.0016576279874391563,0.0,0
97.5,8.0,-0.00046680195373483,-0.004181154537945986,-0.0021256497129797935,-0.00225786873488687,0.0015192575340769957,0.0,0
97.5,9.0,-0.00046680195373483,-0.004181154537945986,-0.0021256497129797935,-0.00225786873488687,0.0015192575340769957,0.0,0
97.5,10.0,-0.0007837247685529292,-0.004181154537945986,-0.0021256497129797935,-0.0023635096731595695,0.0013971555103094483,0.0,0
108.75,-10.0,0.003916640300303698,0.002028508810326457,0.0013594644842669368,0.0024348711982990303,0.0010827849374952527,1.0,0
108.75,-9.0,0.002154414774850011,0.0011502396082505584,0.0005093696527183056,0.0012713413452729583,0.0006770241682021458,1.0,0
108.75,-8.0,0.00016890984261408448,-0.0011039470555260777,-0.0006390161579474807,-0.000524684456953158,0.0005258928751339257,0.3333333333333333,1
108.75,-7.0,0.005056101828813553,0.006048121489584446,0.003914681728929281,0.005006301682442427,0.0008716847075328826,1.0,0
108.75,-6.0,0.0036121956072747707,0.0037240772508084774,0.0031823355238884687,0.0035062027939905724,0.0002335192811775115,1.0,0
108.75,-5.0,0.004475886467844248,0.005541887134313583,0.003798113903030753,0.0046052958350628614,0.0007177494264609724,1.0,0
108.75,-4.0,0.003950475715100765,0.006260218098759651,0.0050776018761098385,0.005096098563323419,0.0009430390820094947,1.0,0
108.75,-3.0,0.003819033270701766,0.007406154647469521,0.005454346537590027,0.005559844818587105,0.001466334968185658,1.0,0
108.75,-2.0,0.003711806610226631,0.007406154647469521,0.005454346537590027,0.005524102598428726,0.0015090176243918638,1.0,0
108.75,-1.0,0.0033276567701250315,0.006846610922366381,0.004684413317590952,0.004952893670027454,0.0014490964670275245,1.0,0
108.75,0.0,-0.00012589040852617472,0.00228664418682456,0.0006601943168789148,0.0009403160317257667,0.0010046332414659555,0.6666666666666666,1
108.75,1.0,-0.000294846628094092,5.6222608691314235e-05,-0.0003409197670407593,-0.0001931812621478457,0.00017735539015447112,0.3333333333333333,1
108.75,2.0,-0.002755891066044569,-0.0007864536019042134,-0.000600416271481663,-0.0013809203131434817,0.000975213105113518,0.0,0
108.75,3.0,-0.004754651803523302,-0.003819500096142292,-0.002600056119263172,-0.003724736006309589,0.00088215864604936,0.0,0
108.75,4.0,-0.00040756387170404196,-0.0010172715410590172,0.0008238682639785111,-0.0002003223829281827,0.0007657940199235182,0.3333333333333333,1
108.75,5.0,-0.0001756796264089644,-0.002290401142090559,2.8998345442232676e-05,-0.0008123608076857636,0.0010484673546454556,0.3333333333333333,1
108.75,6.0,-0.0007146571879275143,-0.0022047876846045256,-0.0009427359327673912,-0.001287393601766477,0.0006553441365072408,0.0,0
108.75,7.0,-0.0007985476404428482,-0.0037783838342875242,-0.001566343242302537,-0.0020477582390109697,0.0012632435064358512,0.0,0
108.75,8.0,-0.0010401041945442557,-0.0037783838342875242,-0.001988747389987111,-0.0022690784729396305,0.0011353363623203272,0.0,0
108.75,9.0,-0.0010401041945442557,-0.0037783838342875242,-0.001988747389987111,-0.0022690784729396305,0.0011353363623203272,0.0,0
108.75,10.0,-0.0013570268638432026,-0.0037783838342875242,-0.001988747389987111,-0.002374719362705946,0.0010254992824223648,0.0,0
120.0,-10.0,0.0037480113096535206,0.002028508810326457,0.0013594644842669368,0.0023786615347489715,0.001006063013958027,1.0,0
120.0,-9.0,0.001985786249861121,0.0011502396082505584,0.0005093696527183056,0.0012151318369433284,0.0006044886230460856,1.0,0
120.0,-8.0,2.811806893987523e-07,-0.0011039470555260777,-0.0006390161579474807,-0.0005808940109280533,0.0004526688542371023,0.3333333333333333,1
120.0,-7.0,0.004887474700808525,0.006048121489584446,0.003914681728929281,0.004950092639774084,0.000872097875927663,1.0,0
120.0,-6.0,0.0034435659181326628,0.0037240772508084774,0.0031823355238884687,0.0034499928976098695,0.00022121182039012388,1.0,0
120.0,-5.0,0.00380548438988626,0.005541887134313583,0.003798113903030753,0.004381828475743532,0.0008202908628495267,1.0,0
120.0,-4.0,0.0025449844542890787,0.006260218098759651,0.0050776018761098385,0.0046276014763861895,0.001549756008337034,1.0,0
120.0,-3.0,0.0024135413113981485,0.007406154647469521,0.005454346537590027,0.005091347498819232,0.0020543244157128345,1.0,0
120.0,-2.0,0.002306315815076232,0.007406154647469521,0.005454346537590027,0.0050556056667119265,0.002101005273780166,1.0,0
120.0,-1.0,0.0019221645779907703,0.006846610922366381,0.004684413317590952,0.004484396272649367,0.0020153656514156353,1.0,0
120.0,0.0,-0.0010580267990007997,0.00228664418682456,0.0006601943168789148,0.0006296039015675584,0.0013656275312073415,0.6666666666666666,1
120.0,1.0,-0.0007654970977455378,0.00034616736229509115,-0.0003409197670407593,-0.00025341650083040196,0.000458033538893872,0.3333333333333333,1
120.0,2.0,-0.002645287197083235,-0.0004965081461705267,-0.000600416271481663,-0.0012474038715784748,0.0009893626124664314,0.0,0
120.0,3.0,-0.004353061784058809,-0.0022428410593420267,-0.0011644460028037429,-0.0025867829487348595,0.0013242707848917074,0.0,0
120.0,4.0,-5.97342113906052e-06,0.0005593858077190816,0.00107573252171278,0.0005430483027642671,0.0004417556807794392,0.6666666666666666,1
120.0,5.0,0.00022591082961298525,0.00012471614172682166,0.0010743218008428812,0.00047498292406089604,0.0004258054392409857,1.0,0
120.0,6.0,-0.00031306667369790375,-0.0002648117078933865,0.00044661990250460804,-4.37528263622274e-05,0.0003473050487620635,0.3333333333333333,1
120.0,7.0,-0.00039695712621323764,-0.001838403637520969,-0.0001769871887518093,-0.0008041159841620052,0.0007368445814257758,0.0,0
120.0,8.0,-0.0006385135930031538,-0.001838403637520969,-0.0006030233344063163,-0.001026646854976813,0.0005741815596241591,0.0,0
120.0,9.0,-0.0006385135930031538,-0.001838403637520969,-0.0006030233344063163,-0.001026646854976813,0.0005741815596241591,0.0,0
120.0,10.0,-0.0009554364369250834,-0.001838403637520969,-0.0006030233344063163,-0.0011322878029507895,0.0005196142335616436,0.0,0
131.25,-10.0,0.0035717685241252184,0.002028508810326457,0.0014421642990782857,0.002347480544509987,0.0008981873465450562,1.0,0
131.25,-9.0,0.001809542067348957,0.0011502396082505584,0.0005920695839449763,0.0011839504198481639,0.0004976023352540266,1.0,0
131.25,-8.0,-0.0001759630104061216,-0.0011039470555260777,-0.0005563163431361318,-0.0006120754696894437,0.00038089404226091574,0.0,0
131.25,-7.0,0.004889451898634434,0.005566400941461325,0.003940162714570761,0.004798671851555507,0.0006670049751742388,1.0,0
131.25,-6.0,0.0030073674861341715,0.0025571435689926147,0.003005513222888112,0.0028566747593382993,0.00021180188866874868,1.0,0
131.25,-5.0,0.001980844419449568,0.002859648782759905,0.001676074112765491,0.0021721891049916544,0.0005017780660657303,1.0,0
131.25,-4.0,0.0006085179629735649,0.0035779878962785006,0.0019440322648733854,0.002043512708041817,0.0012143201637487661,1.0,0
131.25,-3.0,0.00047707458725199103,0.00472392700612545,0.0023207776248455048,0.002507259739407649,0.0017387774538856343,1.0,0
131.25,-2.0,-0.0002254669670946896,0.00472392700612545,0.0023207776248455048,0.0022730792212920883,0.002020863104189745,0.6666666666666666,1
131.25,-1.0,-0.00018447550246492028,0.004164369776844978,0.0015508424257859588,0.0018435789000553389,0.0017874348096960531,0.6666666666666666,1
131.25,0.0,-0.0020386206451803446,0.0016014364082366228,-0.0003659870708361268,-0.0002677237692599495,0.0014876705718135633,0.3333333333333333,1
131.25,1.0,-0.0018291703891009092,-0.00033903971780091524,-0.0008196725393645465,-0.0009959608820887904,0.0006209833810028457,0.0,0
131.25,2.0,-0.002268120413646102,-0.0011817169142886996,-0.0004340220766607672,-0.0012946198015318562,0.0007530114978732499,0.0,0
131.25,3.0,-0.0029766540974378586,-0.0018859178526327014,-0.0011644460028037429,-0.0020090059842914343,0.0007449329100354301,0.0,0
131.25,4.0,0.0005036094225943089,0.0009163101785816252,0.0007683148724026978,0.0007294114911928773,0.00017071532503028363,1.0,0
131.25,5.0,0.0007354937843047082,0.0004816347500309348,0.0007669043261557817,0.000661344286830475,0.00012771920697993042,1.0,0
131.25,6.0,0.00019651607726700604,9.2104404757265e-05,0.00013920242781750858,0.00014260763661392653,4.2693839713950574e-05,1.0,0
131.25,7.0,0.00011262571206316352,-0.0014814886962994933,-0.00048440461978316307,-0.0006177558680064976,0.0006575900968888329,0.3333333333333333,1
131.25,8.0,-0.00012893081293441355,-0.0014814886962994933,-0.0009104410419240594,-0.0008402868503859887,0.0005544032316560613,0.0,0
131.25,9.0,-0.00012893081293441355,-0.0014814886962994933,-0.0009104410419240594,-0.0008402868503859887,0.0005544032316560613,0.0,0
131.25,10.0,-0.0004458534822333604,-0.0014814886962994933,-0.0009104410419240594,-0.0009459277401523044,0.00042354028023066715,0.0,0
142.5,-10.0,0.0038651551585644484,0.0024987610522657633,0.0017452429747208953,0.002703053061850369,0.0008774236284665741,1.0,0
142.5,-9.0,0.0021029296331107616,0.0016204931307584047,0.0008951480267569423,0.0015395235968753695,0.0004963877189083684,1.0,0
142.5,-8.0,0.0003581318014767021,-0.0006336942897178233,-0.0003501518222037703,-0.00020857143681496382,0.0004171039062701163,0.3333333333333333,1
142.5,-7.0,0.0054235453717410564,0.005694331601262093,0.004146327264606953,0.005088068079203367,0.0006750249955530505,1.0,0
142.5,-6.0,0.00430375337600708,0.0032977762166410685,0.0027193184942007065,0.003440282695616285,0.00065464471080815,1.0,0
142.5,-5.0,0.0032772296108305454,0.004445325117558241,0.0017074721399694681,0.0031433422894527516,0.0011217260785183454,1.0,0
142.5,-4.0,0.0029575866647064686,0.005099245812743902,0.0035906038247048855,0.0038824787673850856,0.0008983574690201869,1.0,0
142.5,-3.0,0.0025647981092333794,0.006245192140340805,0.0039673494175076485,0.004259113222360611,0.0015166123750911657,1.0,0
142.5,-2.0,0.0018622569041326642,0.006245192140340805,0.0038048538845032454,0.0039707676429922385,0.0017931677468734275,1.0,0
142.5,-1.0,0.0019032484851777554,0.005085824057459831,0.0029177323449403048,0.0033022682958592973,0.0013274280247866613,1.0,0
142.5,0.0,0.00022797637211624533,0.002570162061601877,-0.00023232291277963668,0.0008552718403128287,0.0012270846782037271,0.6666666666666666,1
142.5,1.0,-0.0005256590084172785,0.00043787952745333314,-0.000870228570420295,-0.00031933601712808013,0.0005536024936610097,0.3333333333333333,1
142.5,2.0,-0.0017019937513396144,-0.0006608028197661042,-0.0002513983054086566,-0.0008713982921714584,0.0006106388057802715,0.0,0
142.5,3.0,-0.0029719823505729437,-0.0018859178526327014,-0.0012582443887367845,-0.0020387148639808097,0.0007079240286298494,0.0,0
142.5,4.0,0.00014644231123384088,0.0009163101785816252,0.0006555656436830759,0.0005727727111661807,0.0003197031284902884,1.0,0
142.5,5.0,0.0003783265710808337,0.0004816347500309348,0.0006541550392284989,0.0005047054534467558,0.00011378204010958109,1.0,0
142.5,6.0,-0.0002346080436836928,9.2104404757265e-05,2.645323911565356e-05,-3.868346660359142e-05,0.00014110834800615217,0.6666666666666666,1
142.5,7.0,-0.00031849846709519625,-0.0014814886962994933,-0.0005971539067104459,-0.0007990470233683785,0.0004957870451592135,0.0,0
142.5,8.0,-0.0005600549629889429,-0.0014814886962994933,-0.0010231902124360204,-0.0010215779572414856,0.0003761754738999375,0.0,0
142.5,9.0,-0.0005600549629889429,-0.0014814886962994933,-0.0010231902124360204,-0.0010215779572414856,0.0003761754738999375,0.0,0
142.5,10.0,-0.0008769776322878897,-0.0014814886962994933,-0.0010231902124360204,-0.001127218847007801,0.0002575200629546652,0.0,0
153.75,-10.0,0.004114944022148848,0.0024987610522657633,0.0016563053941354156,0.002756670156183342,0.001020167896378702,1.0,0
153.75,-9.0,0.0023527180310338736,0.0016204931307584047,0.0008062103297561407,0.0015931404971828063,0.0006316553081391121,1.0,0
153.75,-8.0,0.0006079201120883226,-0.0006336942897178233,-0.00043908963561989367,-0.00015495460441646477,0.0005452529184765779,0.3333333333333333,1
153.75,-7.0,0.005673334933817387,0.005694331601262093,0.004141401033848524,0.005169689189642668,0.0007271600527718945,1.0,0
153.75,-6.0,0.004299172665923834,0.0032977762166410685,0.0027143917977809906,0.0034371135601152978,0.0006544431584549507,1.0,0
153.75,-5.0,0.003990871831774712,0.004445325117558241,0.0011934038484469056,0.003209866932593286,0.0014378744670597895,1.0,0
153.75,-4.0,0.003671228652819991,0.005597814451903105,0.002492891624569893,0.00392064490976433,0.0012797897725394353,1.0,0
153.75,-3.0,0.003278440097346902,0.006018018815666437,0.002585896523669362,0.003960785145560901,0.0014819046146592198,1.0,0
153.75,-2.0,0.002575899474322796,0.006018018815666437,0.0024234012234956026,0.0036724398378282785,0.0016597428485729477,1.0,0
153.75,-1.0,0.0026168914046138525,0.004858651198446751,0.002016346203163266,0.0031639629354079566,0.0012231489051916819,1.0,0
153.75,0.0,0.0008283349452540278,0.002570162061601877,-0.0008330846903845668,0.0008551374388237795,0.0013894989250260296,0.6666666666666666,1
153.75,1.0,7.46996229281649e-05,0.00043787952745333314,-0.0012837427202612162,-0.00025705452329323936,0.0007409639672335598,0.6666666666666666,1
153.75,2.0,-0.0018690831493586302,-0.0006608028197661042,-0.0002513983054086566,-0.000927094758177797,0.0006867360535817989,0.0,0
153.75,3.0,-0.0031390716321766376,-0.0018859178526327014,-0.0011085199657827616,-0.0020445031501973667,0.00083651937213133,0.0,0
153.75,4.0,-2.0646841221605428e-05,0.0009163101785816252,0.0008052900084294379,0.0005669844485964859,0.0004179826703944478,0.6666666666666666,1
153.75,5.0,0.00021123740589246154,0.0004816347500309348,0.0008038794621825218,0.0004989172060353061,0.00024225353686456265,1.0,0
153.75,6.0,-0.0004016971797682345,9.2104404757265e-05,0.00017617740377318114,-4.4471790412596114e-05,0.0002549177009560774,0.6666666666666666,1
153.75,7.0,-0.00048558751586824656,-0.0014814886962994933,-0.0004474296874832362,-0.0008048352998836587,0.0004787197295060918,0.0,0
153.75,8.0,-0.0007271440699696541,-0.0014814886962994933,-0.0008734659058973193,-0.0010273662240554888,0.0003266220392288979,0.0,0
153.75,9.0,-0.0007271440699696541,-0.0014814886962994933,-0.0008734659058973193,-0.0010273662240554888,0.0003266220392288979,0.0,0
153.75,10.0,-0.0010440666228532791,-0.0014814886962994933,-0.0008734659058973193,-0.0011330070750166972,0.0002560673497804649,0.0,0
165.0,-10.0,0.00420764135196805,0.0029284467454999685,0.0022581852972507477,0.0031314244649062553,0.0008087004774121754,1.0,0
165.0,-9.0,0.0024454151280224323,0.0020501697435975075,0.001408090116456151,0.0019678916626920304,0.00042746388296039127,1.0,0
165.0,-8.0,0.0007006174419075251,-0.00020401757501531392,0.000264826841885224,0.0002538089029258117,0.0003693978656272315,0.6666666666666666,1
165.0,-7.0,0.005766031797975302,0.006124009378254414,0.00510281790047884,0.005664286358902852,0.0004230619413666666,1.0,0
165.0,-6.0,0.005236462224274874,0.0042950864881277084,0.002163953147828579,0.0038985006200770536,0.0012853114458538403,1.0,0
165.0,-5.0,0.004928162321448326,0.004684860352426767,0.003529984736815095,0.0043810024702300625,0.0006099029152100105,1.0,0
165.0,-4.0,0.004608518909662962,0.005837345961481333,0.004829471930861473,0.005091778934001923,0.0005348568055985016,1.0,0
165.0,-3.0,0.004536769352853298,0.006257547065615654,0.0049224779941141605,0.005238931470861037,0.0007372815321136609,1.0,0
165.0,-2.0,0.004216985777020454,0.006257547065615654,0.0047599817626178265,0.005078171535084645,0.0008629044526501528,1.0,0
165.0,-1.0,0.004516593646258116,0.005098185036331415,0.004352927207946777,0.004655901963512103,0.00031979932575939944,1.0,0
165.0,0.0,0.002548128366470337,0.0028096961323171854,0.0008628762443549931,0.0020735669143808386,0.0008627217967565406,1.0,0
165.0,1.0,0.0008763052755966783,0.0005366276018321514,0.00041221792344003916,0.0006083836002896229,0.0001961393383862802,1.0,0
165.0,2.0,-0.001416809973306954,-0.0013334646355360746,1.9026329027838074e-05,-0.0009104160932717301,0.0006580952431624682,0.3333333333333333,1
165.0,3.0,-0.002686798106878996,-0.0018859178526327014,-0.0009700236842036247,-0.0018475798812384407,0.0007013943040478059,0.0,0
165.0,4.0,-0.00012738030636683106,0.0009163101785816252,0.0009437862318009138,0.0005775720346719027,0.0004986027715707971,0.6666666666666666,1
165.0,5.0,-0.00021874814410693944,0.0004816347500309348,0.0009423758019693196,0.0004017541359644383,0.00047738027393658697,0.6666666666666666,1
165.0,6.0,-0.0008316828170791268,9.2104404757265e-05,0.00031467396183870733,-0.00014163481682771817,0.0004963258230390485,0.6666666666666666,1
165.0,7.0,-0.0009155730367638171,-0.0014814886962994933,-0.0003089331730734557,-0.0009019983020455887,0.0004787900157890892,0.0,0
165.0,8.0,-0.0011571296490728855,-0.0014814886962994933,-0.0007349693332798779,-0.001124529226217419,0.00030563581871084143,0.0,0
165.0,9.0,-0.0011571296490728855,-0.0014814886962994933,-0.0007349693332798779,-0.001124529226217419,0.00030563581871084143,0.0,0
165.0,10.0,-0.0014740523183718324,-0.0014814886962994933,-0.0007349693332798779,-0.0012301701159837346,0.0003501729918407519,0.0,0
176.25,-10.0,0.00420764135196805,0.0020711710676550865,0.002405416453257203,0.00289474295762678,0.0009383342119049731,1.0,0
176.25,-9.0,0.0024454151280224323,0.0011928941821679473,0.001555321621708572,0.001731210310632984,0.0005262475989618795,1.0,0
176.25,-8.0,0.0007006174419075251,-0.0010613002814352512,0.00041205811430700123,1.7125091593091685e-05,0.0007716076659718577,0.6666666666666666,1
176.25,-7.0,0.005766031797975302,0.005266726016998291,0.005250048357993364,0.005427602057655652,0.0002394028027225108,1.0,0
176.25,-6.0,0.005236462224274874,0.004127912223339081,0.002311184536665678,0.0038918529947598777,0.0012058483478320997,1.0,0
176.25,-5.0,0.004928162321448326,0.004517687018960714,0.003677216125652194,0.0043743551553537445,0.0005206563892741474,1.0,0
176.25,-4.0,0.004608518909662962,0.0056701586581766605,0.004976704716682434,0.005085127428174019,0.0004401411532538532,1.0,0
176.25,-3.0,0.004536769352853298,0.0060903592966496944,0.005069708917289972,0.005232279188930988,0.0006445837149056734,1.0,0
176.25,-2.0,0.004216985777020454,0.0060903592966496944,0.0049072131514549255,0.005071519408375025,0.000773575893953671,1.0,0
176.25,-1.0,0.004516593646258116,0.004931000526994467,0.004500159062445164,0.004649251078565915,0.0001993398900598689,1.0,0
176.25,0.0,0.002548128366470337,0.0026425214018672705,0.0010101073421537876,0.002066919036830465,0.0007482716662580531,1.0,0
176.25,1.0,0.0008763052755966783,-0.00032065564300864935,0.0005594491376541555,0.0003716995900807281,0.0005063702727106898,0.6666666666666666,1
176.25,2.0,-0.001416809973306954,-0.0013334646355360746,0.00016625761054456234,-0.0008613389994328221,0.0007274167562728605,0.3333333333333333,1
176.25,3.0,-0.002686798106878996,-0.0018859178526327014,-0.0008227924699895084,-0.0017985028098337352,0.0007634833750076487,0.0,0
176.25,4.0,-0.00012738030636683106,0.0009163101785816252,0.0010910173878073692,0.0006266490866740545,0.0005379286795453257,0.6666666666666666,1
176.25,5.0,-0.00021874814410693944,0.0004816347500309348,0.0010896072490140796,0.0004508312849793583,0.000534577776549931,0.6666666666666666,1
176.25,6.0,-0.0008316828170791268,9.2104404757265e-05,0.00046190526336431503,-9.255771631918226e-05,0.0005440083361412007,0.6666666666666666,1
176.25,7.0,-0.0009155730367638171,-0.0014814886962994933,-0.00016170191520359367,-0.000852921216088968,0.0005406189199206617,0.0,0
176.25,8.0,-0.0011571296490728855,-0.0014814886962994933,-0.0005877381772734225,-0.0010754521742152672,0.0003694147668851192,0.0,0
176.25,9.0,-0.0011571296490728855,-0.0014814886962994933,-0.0005877381772734225,-0.0010754521742152672,0.0003694147668851192,0.0,0
176.25,10.0,-0.0014740523183718324,-0.0014814886962994933,-0.0005877381772734225,-0.0011810930639815826,0.00041957624743266155,0.0,0
187.5,-10.0,0.003692230675369501,0.0018150856485590339,0.0027411971241235733,0.0027495044826840362,0.0007663637613537957,1.0,0
187.5,-9.0,0.002157928654924035,0.000936808530241251,0.0018911018269136548,0.001661946337359647,0.0005241932013554273,1.0,0
187.5,-8.0,0.0006896561826579273,-0.0013174013001844287,0.0008674012497067451,7.988537739341457e-05,0.0009906919708693321,0.6666666666666666,1
187.5,-7.0,0.005755071062594652,0.00501061649993062,0.005294145550578833,0.005353277704368035,0.0003067850579549534,1.0,0
187.5,-6.0,0.004964564926922321,0.004565149080008268,0.002973061753436923,0.004167591920122504,0.0008602557736057067,1.0,0
187.5,-5.0,0.004014650359749794,0.0036337769124656916,0.002683707047253847,0.003444044773156444,0.0005596732610994672,1.0,0
187.5,-4.0,0.004224846139550209,0.004578386899083853,0.003433712525293231,0.004078981854642431,0.00047855835430452373,1.0,0
187.5,-3.0,0.004153096582740545,0.0049985842779278755,0.003526716260239482,0.004226132373635967,0.0006031028300587334,1.0,0
187.5,-2.0,0.0038333130069077015,0.0049985842779278755,0.003364221192896366,0.004065372825910647,0.0006871072177980125,1.0,0
187.5,-1.0,0.003689736593514681,0.0038392345886677504,0.0027893371880054474,0.0034394361233959594,0.00046372325222816883,1.0,0
187.5,0.0,0.0018632365390658379,0.0005301596247591078,0.0017734221182763577,0.0013889394273671012,0.0006083550057715782,1.0,0
187.5,1.0,0.000497779983561486,-0.0003083983901888132,0.001735083176754415,0.0006414882567090293,0.000840413897805708,0.6666666666666666,1
187.5,2.0,-0.000590722484048456,-0.001527492655441165,0.0005613668472506106,-0.0005189494307463368,0.0008542821680146299,0.3333333333333333,1
187.5,3.0,-0.001201910083182156,-0.00165496114641428,-0.0005464593414217234,-0.0011344435236727197,0.00045505154682883215,0.0,0
187.5,4.0,0.0005761631182394922,0.001147271366789937,0.0013673504581674933,0.0010302616477323074,0.00033342946028712547,1.0,0
187.5,5.0,0.0004234998195897788,0.0007125992560759187,0.0013659399701282382,0.0008340130152646452,0.0003942117324712631,1.0,0
187.5,6.0,-0.0005237684235908091,0.0003230691945645958,0.0013378846924751997,0.00037906182114966214,0.0007610472879804036,0.6666666666666666,1
187.5,7.0,-0.000607658876106143,-0.0012505239574238658,0.000714277324732393,-0.00038130183626587194,0.0008179401574298931,0.3333333333333333,1
187.5,8.0,-0.0008492152555845678,-0.0012505239574238658,0.0002882411063183099,-0.0006038327022300413,0.0006517202510619905,0.3333333333333333,1
187.5,9.0,-0.0008492152555845678,-0.0012505239574238658,0.0002882411063183099,-0.0006038327022300413,0.0006517202510619905,0.3333333333333333,1
187.5,10.0,-0.0011661379830911756,-0.0012505239574238658,0.0002882411063183099,-0.0007094736113989105,0.0007063314810239283,0.3333333333333333,1
198.75,-10.0,0.003677388885989785,0.0013827519724145532,0.0027635046280920506,0.0026078818288321295,0.0009432226612426983,1.0,0
198.75,-9.0,0.002334476448595524,0.0005044748540967703,0.0019134097965434194,0.0015841203664119046,0.000782538648913159,1.0,0
198.75,-8.0,0.0006157218595035374,-0.0017497335793450475,0.0008897084626369178,-8.143441906819741e-05,0.0011849567448672194,0.6666666666666666,1
198.75,-7.0,0.004302654415369034,0.004578285850584507,0.004169068764895201,0.004350003010282914,0.0001703840228919196,1.0,0
198.75,-6.0,0.0034525832161307335,0.0034224987030029297,0.001809594570659101,0.0028948921632642546,0.0007675195623428504,1.0,0
198.75,-5.0,0.0022771928925067186,0.0018539122538641095,0.0008155098184943199,0.0016488716549550493,0.0006140904317847242,1.0,0
198.75,-4.0,0.001336149056442082,0.002798520727083087,0.0004815118736587465,0.001538727219061305,0.0009566995141942704,1.0,0
198.75,-3.0,0.0009295230847783387,0.003218716010451317,0.000574516539927572,0.0015742518783857424,0.001171808893110521,1.0,0
198.75,-2.0,0.0006097384612075984,0.003218716010451317,0.0002278401516377926,0.0013520982077655692,0.0013290743886105083,1.0,0
198.75,-1.0,0.00018531344539951533,0.0020593684166669846,-0.000504050578456372,0.0005802104278700426,0.0010831241714635972,0.6666666666666666,1
198.75,0.0,-0.00036602269392460585,0.0007152528269216418,0.0004269955097697675,0.00025874188092226785,0.0004571805994065476,0.6666666666666666,1
198.75,1.0,-0.00046570689301006496,-0.00012329597666393965,0.0003886563063133508,-6.67821877868846e-05,0.0003510740428451582,0.3333333333333333,1
198.75,2.0,-0.001042730757035315,-0.0013423992786556482,0.00038183695869520307,-0.0006677643589985868,0.0007521956750256475,0.3333333333333333,1
198.75,3.0,-0.0011369762942194939,-0.0018704545218497515,-0.00072598917176947,-0.0012444733292795718,0.0004733687384366272,0.0,0
198.75,4.0,0.0005511910421773791,0.0009317780495621264,0.0011878209188580513,0.0008902633368658522,0.0002615556072148618,1.0,0
198.75,5.0,0.0008874084451235831,0.0004971068119630218,0.0011864103144034743,0.000856975190496693,0.0002822285915820219,1.0,0
198.75,6.0,-5.985952157061547e-05,0.0001075787004083395,0.0011583545710891485,0.0004020245833089575,0.0005391568586577604,0.6666666666666666,1
198.75,7.0,0.0001379918394377455,-0.0014660143060609698,0.0005347475525923073,-0.000264424971343639,0.0008649533594208127,0.6666666666666666,1
198.75,8.0,-0.00010356475104345009,-0.0014660143060609698,0.00010871126869460568,-0.0004869559294699381,0.0006977018253851988,0.3333333333333333,1
198.75,9.0,-0.00010356475104345009,-0.0014660143060609698,0.00010871126869460568,-0.0004869559294699381,0.0006977018253851988,0.3333333333333333,1
198.75,10.0,-0.0004204873985145241,-0.0014660143060609698,0.00010871126869460568,-0.0005925968119602961,0.000654296770889584,0.3333333333333333,1
210.0,-10.0,0.003933401312679052,0.0014536964008584619,0.0027635046280920506,0.002716867447209855,0.0010128722796770477,1.0,0
210.0,-9.0,0.00259048817679286,0.0005754225421696901,0.0019134097965434194,0.0016931068385019898,0.0008372663546531145,1.0,0
210.0,-8.0,0.0009873779490590096,-0.0016787825152277946,0.0007471899734809995,1.8595135770738125e-05,0.0012042260954613238,0.6666666666666666,1
210.0,-7.0,0.003560243872925639,0.004649232141673565,0.0037941872142255306,0.004001221076274912,0.00046806062811987844,1.0,0
210.0,-6.0,0.0032247649505734444,0.003587353741750121,0.0014347120886668563,0.002748943593663474,0.0009410175323963583,1.0,0
210.0,-5.0,0.002049374859780073,0.0016550569562241435,0.0005949921905994415,0.0014331413355345528,0.0006141346997376495,1.0,0
210.0,-4.0,0.0019640838727355003,0.0025996644981205463,0.0005247642984613776,0.0016961708897724748,0.0008679998980286132,1.0,0
210.0,-3.0,0.0015574578428640962,0.003019859315827489,0.0006177688483148813,0.001731695335668822,0.0009883584644762892,1.0,0
210.0,-2.0,0.001237673219293356,0.003019859315827489,0.00027109243092127144,0.0015095416553473722,0.0011385265863624208,1.0,0
210.0,-1.0,0.000542078516446054,0.001860512886196375,-0.0002830866724252701,0.0007065015767390529,0.0008828102755774933,0.6666666666666666,1
210.0,0.0,0.0010321660665795207,0.0006039212457835674,0.0004248685436323285,0.0006869852853318056,0.00025479049739475805,1.0,0
210.0,1.0,0.0001001942582661286,0.0002263611095258966,0.00038652916555292904,0.0002376948444483181,0.00011717013255149949,1.0,0
210.0,2.0,-0.0004768296203110367,-0.0010440173791721463,0.00038183695869520307,-0.00037967001359599334,0.0005861428381583855,0.3333333333333333,1
210.0,3.0,-0.000571075186599046,-0.0018704545218497515,-0.00072598917176947,-0.0010558396267394226,0.0005794811795632681,0.0,0
210.0,4.0,0.0011170923244208097,0.0009317780495621264,0.0011878209188580513,0.0010788970976136625,0.00010796185821069583,1.0,0
210.0,5.0,0.0008645475027151406,0.0004971068119630218,0.0011864103144034743,0.0008493548763605455,0.00028161195706246983,1.0,0
210.0,6.0,-8.272075501736253e-05,0.0001075787004083395,0.0011583545710891485,0.0003944041721600418,0.0005457524650741614,0.6666666666666666,1
210.0,7.0,0.00011513055505929515,-0.0014660143060609698,0.0005347475525923073,-0.0002720453994697891,0.0008614680952051405,0.6666666666666666,1
210.0,8.0,-0.0001264259626623243,-0.0014660143060609698,0.00010871126869460568,-0.0004945763333428962,0.0006935854576145135,0.3333333333333333,1
210.0,9.0,-0.0001264259626623243,-0.0014660143060609698,0.00010871126869460568,-0.0004945763333428962,0.0006935854576145135,0.3333333333333333,1
210.0,10.0,-0.0004433486901689321,-0.0014660143060609698,0.00010871126869460568,-0.0006002172425117654,0.0006523781960299417,0.3333333333333333,1
221.25,-10.0,0.0037307736929506063,0.002006067195907235,0.0028141376096755266,0.0028503261661777892,0.0007045733148282925,1.0,0
221.25,-9.0,0.002610398456454277,0.0011277914745733142,0.00196404242888093,0.001900744119969507,0.000606924417377666,1.0,0
221.25,-8.0,0.0010072877630591393,-0.0011264062486588955,0.0005258923047222197,0.00013559127304082116,0.0009137518647163912,0.6666666666666666,1
221.25,-7.0,0.0035801532212644815,0.005201608873903751,0.003538804827257991,0.0041068556408087415,0.0007742914625431056,1.0,0
221.25,-6.0,0.0037257971707731485,0.004139717668294907,0.002126871608197689,0.0033307954824219146,0.000867912079173333,1.0,0
221.25,-5.0,0.0027194467838853598,0.0022074212320148945,0.0018346183933317661,0.00225382880307734,0.0003627171231794392,1.0,0
221.25,-4.0,0.0029183579608798027,0.003152029123157263,0.001972583355382085,0.00268099014647305,0.0005099220131666368,1.0,0
221.25,-3.0,0.0025117313489317894,0.003572223475202918,0.0020655877888202667,0.0027165142043183246,0.0006318965032691286,1.0,0
221.25,-2.0,0.002191946841776371,0.003572223475202918,0.00171891157515347,0.00249436063071092,0.0007862492499284335,1.0,0
221.25,-1.0,0.0017430016305297613,0.0024128768127411604,0.0013732053339481354,0.0018430279257396858,0.00043029690583284936,1.0,0
221.25,0.0,0.0018293674802407622,0.002115720883011818,0.0021028458140790462,0.0020159780591105423,0.00013205825219599534,1.0,0
221.25,1.0,0.0008973963558673859,0.0014805744867771864,0.0017253253608942032,0.0013677654011795919,0.00034728569092914264,1.0,0
221.25,2.0,0.0003203721425961703,-8.458552474621683e-05,0.0008653352269902825,0.00036704061494674534,0.0003892050174210342,0.6666666666666666,1
221.25,3.0,-8.275555592263117e-05,-0.0018704545218497515,-0.0006215794710442424,-0.000858263182938875,0.0007487684478757501,0.0,0
221.25,4.0,0.0016054122243076563,0.0009317780495621264,0.0012922303285449743,0.0012764735341382523,0.00027523560546527474,1.0,0
221.25,5.0,0.0007715278188697994,0.0004971068119630218,0.0011756278108805418,0.0008147541472377876,0.00027868629088533724,1.0,0
221.25,6.0,-0.00017574027879163623,0.0001075787004083395,0.001147572067566216,0.0003598034963943064,0.0005689182145607005,0.6666666666666666,1
221.25,7.0,2.211106948379893e-05,-0.0014660143060609698,0.0005239648744463921,-0.0003066461207102596,0.0008450109475785535,0.6666666666666666,1
221.25,8.0,-0.00021944545733276755,-0.0014660143060609698,9.792867786018178e-05,-0.0005291770285111852,0.0006749961228913528,0.3333333333333333,1
221.25,9.0,-0.00021944545733276755,-0.0014660143060609698,9.792867786018178e-05,-0.0005291770285111852,0.0006749961228913528,0.3333333333333333,1
221.25,10.0,-0.0005363681702874601,-0.0014660143060609698,9.792867786018178e-05,-0.000634817932829416,0.0006422609443974593,0.3333333333333333,1
232.5,-10.0,0.003907294478267431,0.002006067195907235,0.0028071918059140444,0.00290685116002957,0.0007793652481110198,1.0,0
232.5,-9.0,0.002786918543279171,0.0011277914745733142,0.0019570966251194477,0.0019572688809906444,0.0006773358004132495,1.0,0
232.5,-8.0,0.0014053159393370152,-0.0011264062486588955,0.0006446237093769014,0.00030784446668500703,0.001060650587463121,0.6666666666666666,1
232.5,-7.0,0.003978182096034288,0.005201608873903751,0.003944091498851776,0.004374627489596605,0.0005849297391977876,1.0,0
232.5,-6.0,0.004468697588890791,0.004139717668294907,0.00278954254463315,0.0037993192672729492,0.0007265414506310928,1.0,0
232.5,-5.0,0.0034623469691723585,0.0022074212320148945,0.0024972897954285145,0.002722352665538589,0.0005364697090372015,1.0,0
232.5,-4.0,0.004686363972723484,0.003152029123157263,0.002635254291817546,0.0034912157958994308,0.0008710332676390501,1.0,0
232.5,-3.0,0.004279738757759333,0.003572223475202918,0.002728259190917015,0.003526740474626422,0.0006342048770381106,1.0,0
232.5,-2.0,0.003959954250603914,0.003572223475202918,0.0023815829772502184,0.0033045869010190168,0.0006715831896931871,1.0,0
232.5,-1.0,0.003511008806526661,0.0024128768127411604,0.0020358762703835964,0.0026532539632171392,0.000625747489354495,1.0,0
232.5,0.0,0.003497391240671277,0.002115720883011818,0.00296023185364902,0.002857781325777372,0.0005686975337292452,1.0,0
232.5,1.0,0.0020023805554956198,0.0014805744867771864,0.002170477993786335,0.0018844776786863804,0.0002937317693812975,1.0,0
232.5,2.0,0.0010127737186849117,-8.458552474621683e-05,0.0009638113551773131,0.0006306665163720027,0.0005061544164928966,0.6666666666666666,1
232.5,3.0,-9.15754571906291e-06,-0.0018704545218497515,-0.0005231034010648727,-0.000800905156211229,0.0007848511407522272,0.0,0
232.5,4.0,0.001679009641520679,0.0009317780495621264,0.0013907066313549876,0.0013338314408125977,0.0003076955784317275,1.0,0
232.5,5.0,0.0008451258181594312,0.0004971068119630218,0.0012741037644445896,0.0008721121315223476,0.0003177811216053193,1.0,0
232.5,6.0,-0.00027905823662877083,0.0001075787004083395,0.0012460482539609075,0.0003581895725801587,0.0006473493692732598,0.6666666666666666,1
232.5,7.0,-0.00029203484882600605,-0.0014660143060609698,0.0006224409444257617,-0.0003785360701537381,0.0008547994615853051,0.3333333333333333,1
232.5,8.0,-0.0005335913738235831,-0.0014660143060609698,0.00019640479877125472,-0.0006010669603710994,0.000680354827087916,0.3333333333333333,1
232.5,9.0,-0.0005335913738235831,-0.0014660143060609698,0.00019640479877125472,-0.0006010669603710994,0.000680354827087916,0.3333333333333333,1
232.5,10.0,-0.00085051404312253,-0.0014660143060609698,0.00019640479877125472,-0.000706707850137415,0.0006862552906333754,0.3333333333333333,1
243.75,-10.0,0.0040990691632032394,0.002006067195907235,0.0026297257281839848,0.0029116206957648196,0.0008774063628432708,1.0,0
243.75,-9.0,0.002978693461045623,0.0011277914745733142,0.00177963066380471,0.001962038533141216,0.0007665568098011163,1.0,0
243.75,-8.0,0.001597091555595398,-0.0011264062486588955,0.000467157136881724,0.00031261414793940884,0.0011172205762569622,0.6666666666666666,1
243.75,-7.0,0.003830570261925459,0.005201608873903751,0.003766627050936222,0.004266268728921811,0.0006619003317061322,1.0,0
243.75,-6.0,0.004321085289120674,0.004139717668294907,0.003773550968617201,0.00407811797534426,0.0002277342744823602,1.0,0
243.75,-5.0,0.00376504915766418,0.0022074212320148945,0.0034812982194125652,0.0031512562030305467,0.0006773708920641904,1.0,0
243.75,-4.0,0.005332666449248791,0.0035293237306177616,0.0036192629486322403,0.0041604177094995975,0.0008297178623351204,1.0,0
243.75,-3.0,0.004926041699945927,0.0039495183154940605,0.0037122678477317095,0.004195942621057232,0.0005252652947853771,1.0,0
243.75,-2.0,0.004262661561369896,0.0039495183154940605,0.003365590935572982,0.0038592569374789796,0.00037174746283626716,1.0,0
243.75,-1.0,0.003813715185970068,0.0027901711873710155,0.0030198851600289345,0.0032079238444566727,0.00043850464794041436,1.0,0
243.75,0.0,0.004078015219420195,0.002493019914254546,0.00394423957914114,0.0035050915709386268,0.0007177236047302437,1.0,0
243.75,1.0,0.002583005465567112,0.0018578690942376852,0.0031544873490929604,0.002531787302965919,0.0005305796828885469,1.0,0
243.75,2.0,0.001213638111948967,0.000292708893539384,0.0009638113551773131,0.0008233861202218881,0.00038885909297956597,1.0,0
243.75,3.0,0.00019170752784702927,-0.0018704545218497515,-0.0005231034010648727,-0.0007339501316891983,0.0008549738154523143,0.3333333333333333,1
243.75,4.0,0.0018798751989379525,0.0009317780495621264,0.0013907066313549876,0.0014007866266183555,0.00038712466199922733,1.0,0
243.75,5.0,0.0007285974570550025,0.0004971068119630218,0.0012741037644445896,0.000833269344487538,0.0003257281269764996,1.0,0
243.75,6.0,-0.00039558668504469097,0.0001075787004083395,0.0012460482539609075,0.00031934675644151866,0.0006867195450876252,0.6666666666666666,1
243.75,7.0,-0.0004085632972419262,-0.0014660143060609698,0.0006224409444257617,-0.0004173788862923781,0.0008526310727308066,0.3333333333333333,1
243.75,8.0,-0.0006501197931356728,-0.0014660143060609698,0.00019640479877125472,-0.0006399097668084627,0.0006787181562848187,0.3333333333333333,1
243.75,9.0,-0.0006501197931356728,-0.0014660143060609698,0.00019640479877125472,-0.0006399097668084627,0.0006787181562848187,0.3333333333333333,1
243.75,10.0,-0.0009670425206422806,-0.0014660143060609698,0.00019640479877125472,-0.0007455506759773319,0.0006965167133518071,0.3333333333333333,1
255.0,-10.0,0.004156428389251232,0.002006067195907235,0.00268607959151268,0.0029495250588903823,0.0008974281591196578,1.0,0
255.0,-9.0,0.0030360533855855465,0.0011277914745733142,0.001835984643548727,0.0019999431679025292,0.0007876241398603868,1.0,0
255.0,-8.0,0.0016544510144740343,-0.0011264062486588955,0.0005235116113908589,0.00035051879240199924,0.0011418513230848917,0.6666666666666666,1
255.0,-7.0,0.0033523449674248695,0.00451088510453701,0.003150905016809702,0.0036713783629238605,0.0005992902415003969,1.0,0
255.0,-6.0,0.003842861158773303,0.003448992967605591,0.002968469401821494,0.003420107842733463,0.0003575527923589062,1.0,0
255.0,-5.0,0.003286823397502303,0.001516696298494935,0.0024435073137283325,0.0024156756699085236,0.0007229192840874859,1.0,0
255.0,-4.0,0.004854443017393351,0.002838599029928446,0.0025814713444560766,0.003424837797259291,0.0010163191676289523,1.0,0
255.0,-3.0,0.004412384703755379,0.0032587936148047447,0.002674476010724902,0.0034485514430950084,0.0007220746412829275,1.0,0
255.0,-2.0,0.0037490034010261297,0.0032587936148047447,0.002327800029888749,0.0031118656819065413,0.0005894322797587342,1.0,0
255.0,-1.0,0.00330005818977952,0.0020994471851736307,0.001982094021514058,0.0024605331321557364,0.0005955639809115898,1.0,0
255.0,0.0,0.003564358688890934,0.0018022956792265177,0.0031391591764986515,0.002835271181538701,0.0007507673619337703,1.0,0
255.0,1.0,0.002451046137139201,0.0011671417159959674,0.0032226028852164745,0.0022802635794505477,0.0008477834495716235,1.0,0
255.0,2.0,0.001446387148462236,-2.588732422736939e-05,0.0009638113551773131,0.0007947703931373932,0.0006128236102223326,0.6666666666666666,1
255.0,3.0,0.0004244558804202825,-0.0021890553180128336,-0.0005231034010648727,-0.000762567612885808,0.00108031400609301,0.3333333333333333,1
255.0,4.0,0.001749331597238779,0.0006131771369837224,0.0013907066313549876,0.0012510717885258298,0.00047422579459459145,1.0,0
255.0,5.0,0.0005980537971481681,0.0004971068119630218,0.0012741037644445896,0.0007897547911852598,0.00034495702087604846,1.0,0
255.0,6.0,-0.000526130257640034,0.0001075787004083395,0.0012460482539609075,0.000275832232243071,0.0007332057953381519,0.6666666666666666,1
255.0,7.0,-0.0005391068407334387,-0.0014660143060609698,0.0006224409444257617,-0.00046089340078954894,0.0008544001170264791,0.3333333333333333,1
255.0,8.0,-0.0007806633366271853,-0.0014660143060609698,0.00019640479877125472,-0.0006834242813056335,0.0006821538904761713,0.3333333333333333,1
255.0,9.0,-0.0007806633366271853,-0.0014660143060609698,0.00019640479877125472,-0.0006834242813056335,0.0006821538904761713,0.3333333333333333,1
255.0,10.0,-0.001097586122341454,-0.0014660143060609698,0.00019640479877125472,-0.0007890652098770564,0.0007128806282020818,0.3333333333333333,1
266.25,-10.0,0.004172931890934706,0.002006067195907235,0.00268607959151268,0.002955026226118207,0.0009048295864741059,1.0,0
266.25,-9.0,0.0030525564216077328,0.0011277914745733142,0.001835984643548727,0.0020054441799099245,0.0007948657858116325,1.0,0
266.25,-8.0,0.0016709535848349333,-0.0011264062486588955,0.0005235116113908589,0.00035601964918896556,0.001148142173996129,0.6666666666666666,1
266.25,-7.0,0.0033688489347696304,0.00451088510453701,0.003150905016809702,0.003676879685372114,0.0005964051571659663,1.0,0
266.25,-6.0,0.0038593648932874203,0.003448992967605591,0.002968469401821494,0.0034256090875715017,0.00036408222382923797,1.0,0
266.25,-5.0,0.003303327364847064,0.001516696298494935,0.0024435073137283325,0.002421176992356777,0.0007295599697776983,1.0,0
266.25,-4.0,0.0048709469847381115,0.002838599029928446,0.0025814713444560766,0.003430339119707545,0.0010240579173888037,1.0,0
266.25,-3.0,0.004428887274116278,0.0032587936148047447,0.002674476010724902,0.0034540522998819747,0.0007294217736683387,1.0,0
266.25,-2.0,0.003997948486357927,0.0032587936148047447,0.002327800029888749,0.0031948473770171404,0.0006833329143040924,1.0,0
266.25,-1.0,0.003549003042280674,0.0020994471851736307,0.001982094021514058,0.002543514749656121,0.0007125999210445305,1.0,0
266.25,0.0,0.003813304239884019,0.0018022956792265177,0.0031391591764986515,0.0029182530318697295,0.000835718653339966,1.0,0
266.25,1.0,0.0026999912224709988,0.0011671417159959674,0.0032226028852164745,0.0023632452745611468,0.0008722685097371536,1.0,0
266.25,2.0,0.001695331884548068,-2.588732422736939e-05,0.0009638113551773131,0.0008777519718326706,0.0007053148489672919,0.6666666666666666,1
266.25,3.0,0.00039584189653396606,-0.0021890553180128336,-0.0005231034010648727,-0.0007721056075145801,0.0010698675857493045,0.3333333333333333,1
266.25,4.0,0.0017207171767950058,0.0006131771369837224,0.0013907066313549876,0.0012415336483779054,0.000464292055416276,1.0,0
266.25,5.0,0.0005694397259503603,0.0004971068119630218,0.0012741037644445896,0.0007802167674526572,0.00035047709098670696,1.0,0
266.25,6.0,-0.0005547443870455027,0.0001075787004083395,0.0012460482539609075,0.00026629418910791475,0.0007436874292965511,0.6666666666666666,1
266.25,7.0,-0.0005677209701389074,-0.0014660143060609698,0.0006224409444257617,-0.0004704314439247052,0.0008553791643688924,0.3333333333333333,1
266.25,8.0,-0.000809277524240315,-0.0014660143060609698,0.00019640479877125472,-0.0006929623438433433,0.0006836452471474167,0.3333333333333333,1
266.25,9.0,-0.000809277524240315,-0.0014660143060609698,0.00019640479877125472,-0.0006929623438433433,0.0006836452471474167,0.3333333333333333,1
266.25,10.0,-0.0011261999607086182,-0.0014660143060609698,0.00019640479877125472,-0.0007986031559994444,0.000717123452816663,0.3333333333333333,1
277.5,-10.0,0.004271560814231634,0.002006067195907235,0.00268607959151268,0.0029879025338838496,0.0009491884779723983,1.0,0
277.5,-9.0,0.003151186741888523,0.0011277914745733142,0.001835984643548727,0.002038320953336855,0.0008383464234799377,1.0,0
277.5,-8.0,0.001769584370777011,-0.0011264062486588955,0.0005235116113908589,0.00038889657783632475,0.0011861088545911675,0.6666666666666666,1
277.5,-7.0,0.0034674794878810644,0.00451088510453701,0.003150905016809702,0.003709756536409259,0.0005810393480286535,1.0,0
277.5,-6.0,0.003957994282245636,0.003448992967605591,0.002968469401821494,0.0034584855505575738,0.00040402760144403363,1.0,0
277.5,-5.0,0.003401957219466567,0.001516696298494935,0.0024435073137283325,0.002454053610563278,0.0007696906752362275,1.0,0
277.5,-4.0,0.0049695768393576145,0.002838599029928446,0.0025814713444560766,0.003463215737914046,0.0010703181731353862,1.0,0
277.5,-3.0,0.004527517594397068,0.0032587936148047447,0.002674476010724902,0.003486929073308905,0.0007735093700250134,1.0,0
277.5,-2.0,0.004096579737961292,0.0032587936148047447,0.002327800029888749,0.0032277244608849287,0.0007224354103384226,1.0,0
277.5,-1.0,0.0036476340610533953,0.0020994471851736307,0.001982094021514058,0.002576391755913695,0.0007589962663483012,1.0,0
277.5,0.0,0.003911933396011591,0.0018022956792265177,0.0031391591764986515,0.002951129417245587,0.0008714582479170984,1.0,0
277.5,1.0,0.0027986213099211454,0.0011671417159959674,0.0032226028852164745,0.0023961219703778625,0.0008860904556130891,1.0,0
277.5,2.0,0.0017939625540748239,-2.588732422736939e-05,0.0009638113551773131,0.0009106288616749225,0.000743901731010432,0.6666666666666666,1
277.5,3.0,0.0004944724496454,-0.0021890553180128336,-0.0005231034010648727,-0.0007392287564774355,0.0011061533790234068,0.3333333333333333,1
277.5,4.0,0.0018193478463217616,0.0006131771369837224,0.0013907066313549876,0.0012744105382201572,0.0004992364376225464,1.0,0
277.5,5.0,0.0006680702790617943,0.0004971068119630218,0.0012741037644445896,0.0008130936184898019,0.0003333715572506142,1.0,0
277.5,6.0,-0.00045611392124556005,0.0001075787004083395,0.0012460482539609075,0.00029917101104122895,0.0007079876306810925,0.6666666666666666,1
277.5,7.0,-0.000469090387923643,-0.0014660143060609698,0.0006224409444257617,-0.0004375545831862837,0.0008528998431065333,0.3333333333333333,1
277.5,8.0,-0.0007106469129212201,-0.0014660143060609698,0.00019640479877125472,-0.0006600854734036451,0.0006796208081974147,0.3333333333333333,1
277.5,9.0,-0.0007106469129212201,-0.0014660143060609698,0.00019640479877125472,-0.0006600854734036451,0.0006796208081974147,0.3333333333333333,1
277.5,10.0,-0.001027569524012506,-0.0014660143060609698,0.00019640479877125472,-0.000765726343767407,0.0007034821524902363,0.3333333333333333,1
288.75,-10.0,0.003601993201300502,0.002006067195907235,0.00268607959151268,0.0027647133295734725,0.0006539023383980655,1.0,0
288.75,-9.0,0.002481618197634816,0.0011277914745733142,0.001835984643548727,0.0018151314385856192,0.0005528941074845985,1.0,0
288.75,-8.0,0.0011000164085999131,-0.0011264062486588955,0.0005235116113908589,0.0001657072571106255,0.0009434890669372785,0.6666666666666666,1
288.75,-7.0,0.002797911176458001,0.00451088510453701,0.0028419045265764,0.003383566935857137,0.0007973366264384896,1.0,0
288.75,-6.0,0.003288427134975791,0.003448992967605591,0.002659469610080123,0.0031322965708871684,0.0003407045130329658,1.0,0
288.75,-5.0,0.002732389373704791,0.001516696298494935,0.002134507056325674,0.0021278642428418,0.0004963268469510358,1.0,0
288.75,-4.0,0.004300008062273264,0.002838599029928446,0.0022724715527147055,0.0031370262149721384,0.0008542131517671891,1.0,0
288.75,-3.0,0.0038579492829740047,0.0032587936148047447,0.002365476218983531,0.0031607397055874267,0.0006132318150688077,1.0,0
288.75,-2.0,0.003432017983868718,0.0032587936148047447,0.0020187997724860907,0.002903203790386518,0.00062935391244684,1.0,0
288.75,-1.0,0.0029830732382833958,0.0020994471851736307,0.0016730936476960778,0.002251871357051035,0.000545549556605211,1.0,0
288.75,0.0,0.003247373504564166,0.0018022956792265177,0.0031391591764986515,0.0027296094534297786,0.0006571964252641619,1.0,0
288.75,1.0,0.0021340600214898586,0.0011671417159959674,0.0032226028852164745,0.002174601540900767,0.0008396280389317015,1.0,0
288.75,2.0,0.0013879723846912384,-2.588732422736939e-05,0.0009638113551773131,0.0007752988052137274,0.0005923977015745321,0.6666666666666666,1
288.75,3.0,8.848220750223845e-05,-0.0021890553180128336,-0.0005231034010648727,-0.0008745588371918226,0.000962439604241817,0.3333333333333333,1
288.75,4.0,0.001615182845853269,0.0006131771369837224,0.0013907066313549876,0.001206355538063993,0.0004293350318418623,1.0,0
288.75,5.0,0.0004639053368009627,0.0004971068119630218,0.0012741037644445896,0.0007450386377361914,0.0003743510079345892,1.0,0
288.75,6.0,-0.0006602786597795784,0.0001075787004083395,0.0012460482539609075,0.00023111609819655618,0.0007831418313443378,0.6666666666666666,1
288.75,7.0,-0.0006732553010806441,-0.0014660143060609698,0.0006224409444257617,-0.0005056095542386174,0.0008608097566234035,0.3333333333333333,1
288.75,8.0,-0.0009148117969743907,-0.0014660143060609698,0.00019640479877125472,-0.0007281404347547019,0.0006913966387597929,0.3333333333333333,1
288.75,9.0,-0.0009148117969743907,-0.0014660143060609698,0.00019640479877125472,-0.0007281404347547019,0.0006913966387597929,0.3333333333333333,1
288.75,10.0,-0.0013056087773293257,-0.0014660143060609698,0.00019640479877125472,-0.0008584060948730136,0.0007487331520307639,0.3333333333333333,1
300.0,-10.0,0.0033087607007473707,0.002006067195907235,0.00268607959151268,0.002666969162722429,0.0005319940464921135,1.0,0
300.0,-9.0,0.0021883854642510414,0.0011277914745733142,0.001835984643548727,0.0017173871941243608,0.0004410320615651456,1.0,0
300.0,-8.0,0.0008067833841778338,-0.0011264062486588955,0.0005235116113908589,6.796291563659906e-05,0.0008524275139386369,0.6666666666666666,1
300.0,-7.0,0.002504677977412939,0.00451088510453701,0.0028419045265764,0.00328582253617545,0.000877121868638424,1.0,0
300.0,-6.0,0.0029951941687613726,0.003448992967605591,0.002659469610080123,0.0030345522488156953,0.00032352081526927423,1.0,0
300.0,-5.0,0.002439156174659729,0.001516696298494935,0.002134507056325674,0.002030119843160113,0.00038375823421163315,1.0,0
300.0,-4.0,0.00400677602738142,0.002838599029928446,0.0022724715527147055,0.0030392822033415237,0.0007221072426265622,1.0,0
300.0,-3.0,0.0035647167824208736,0.0032587936148047447,0.002365476218983531,0.003062995538736383,0.0005087875438677279,1.0,0
300.0,-2.0,0.003138785483315587,0.0032587936148047447,0.0020187997724860907,0.0028054596235354743,0.0005584059328992714,1.0,0
300.0,-1.0,0.0026898395735770464,0.0020994471851736307,0.0016730936476960778,0.002154126802148918,0.0004168816497387159,1.0,0
300.0,0.0,0.0029541405383497477,0.0018022956792265177,0.0031391591764986515,0.0026318651313583055,0.0005914372781894937,1.0,0
300.0,1.0,0.0018408277537673712,0.0011671417159959674,0.0032226028852164745,0.002076857451659938,0.0008555749210360543,1.0,0
300.0,2.0,0.0010947393020614982,-2.588732422736939e-05,0.0009638113551773131,0.0006775544443371473,0.0005002721080503477,0.6666666666666666,1
300.0,3.0,-0.00020475075871217996,-0.0021890553180128336,-0.0005231034010648727,-0.0009723031592632955,0.0008701346497676787,0.0,0
300.0,4.0,0.0013219501124694943,0.0006131771369837224,0.0013907066313549876,0.0011086112936027348,0.00035144759436830865,1.0,0
300.0,5.0,0.00017067237058654428,0.0004971068119630218,0.0012741037644445896,0.0006472943156647185,0.00046282280622212763,1.0,0
300.0,6.0,-0.0009535117424093187,0.0001075787004083395,0.0012460482539609075,0.0001333717373199761,0.0008981518078709899,0.6666666666666666,1
300.0,7.0,-0.0009664884419180453,-0.0014660143060609698,0.0006224409444257617,-0.0006033539345177511,0.0008904348511336244,0.3333333333333333,1
300.0,8.0,-0.0009650535648688674,-0.0014660143060609698,0.00019640479877125472,-0.0007448876907195275,0.0006963064838286614,0.3333333333333333,1
300.0,9.0,-0.0009650535648688674,-0.0014660143060609698,0.00019640479877125472,-0.0007448876907195275,0.0006963064838286614,0.3333333333333333,1
300.0,10.0,-0.0013558506034314632,-0.0014660143060609698,0.00019640479877125472,-0.0008751533702403927,0.0007590396092106378,0.3333333333333333,1
