time_window,time_lo,time_hi,score_region,score_lo,score_hi,outer_fold,test_years,n,tau_mean,tau_median,tau_sd,share_three_pref,share_two_pref,share_near_zero_abs_0_001,mean_sign_agree_ratio
0_30,0.0,30.0,all_score,-10,10,train2000_2009_test2010_2012,2010-2012,6006.0,-0.0059614832170784855,-0.007291402511208285,0.0335627601922938,0.3797868797868798,0.6202131202131203,0.026973026973026972,0.8611388611388612
0_30,0.0,30.0,all_score,-10,10,train2000_2012_test2013_2015,2013-2015,6323.0,-0.006706726251186315,-0.005619423797743074,0.026370479092148225,0.3860509251937371,0.6139490748062628,0.034477305076704094,0.8782750803943276
0_30,0.0,30.0,all_score,-10,10,train2000_2015_test2016_2018,2016-2018,5712.0,-0.009896386925313668,-0.00982111402565931,0.020671572207962736,0.29516806722689076,0.7048319327731093,0.03361344537815126,0.8658963585434174
0_30,0.0,30.0,all_score,-10,10,train2000_2018_test2019_2021,2019-2021,4772.0,-0.009660827247994296,-0.007875631728147474,0.019466127179573703,0.29379715004191115,0.7062028499580888,0.03227158424140821,0.9025565800502934
0_30,0.0,30.0,all_score,-10,10,train2000_2021_test2022_2024,2022-2024,5060.0,-0.004912852584424511,-0.003974644271390019,0.014705034912378515,0.3290513833992095,0.6709486166007905,0.07351778656126483,0.8389986824769433
0_30,0.0,30.0,leading,1,10,train2000_2009_test2010_2012,2010-2012,1002.0,-0.0046215428940503565,-0.005256151937748279,0.013217622468005473,0.31636726546906185,0.6836327345309381,0.07285429141716566,0.7717897538256818
0_30,0.0,30.0,leading,1,10,train2000_2012_test2013_2015,2013-2015,1081.0,-0.0034595336169674215,-0.004653535486376843,0.010837156921743672,0.2923219241443108,0.7076780758556892,0.06753006475485661,0.845513413506013
0_30,0.0,30.0,leading,1,10,train2000_2015_test2016_2018,2016-2018,1036.0,-0.009022072431801247,-0.009327438600648955,0.009957213829271694,0.16023166023166024,0.8397683397683398,0.03667953667953668,0.8262548262548263
0_30,0.0,30.0,leading,1,10,train2000_2018_test2019_2021,2019-2021,871.0,-0.005778259471472229,-0.006347208617917598,0.005549989995782859,0.1079219288174512,0.8920780711825488,0.03444316877152698,0.8897818599311137
0_30,0.0,30.0,leading,1,10,train2000_2021_test2022_2024,2022-2024,942.0,-0.003901524607092962,-0.004133781867235236,0.0035739693020620483,0.14012738853503184,0.8598726114649682,0.11358811040339703,0.8510261854210899
0_30,0.0,30.0,tied,0,0,train2000_2009_test2010_2012,2010-2012,475.0,-0.04809728534277993,-0.05562909407852212,0.033590735419127514,0.09894736842105263,0.9010526315789473,0.00631578947368421,0.9487719298245614
0_30,0.0,30.0,tied,0,0,train2000_2012_test2013_2015,2013-2015,547.0,-0.0382127084651208,-0.04783668633636967,0.033800464664952685,0.19744058500914077,0.8025594149908593,0.038391224862888484,0.9335770871419865
0_30,0.0,30.0,tied,0,0,train2000_2015_test2016_2018,2016-2018,468.0,-0.021792023787241935,-0.01914553080698612,0.021641195758089676,0.1581196581196581,0.8418803418803419,0.038461538461538464,0.8703703703703702
0_30,0.0,30.0,tied,0,0,train2000_2018_test2019_2021,2019-2021,366.0,-0.023202200708990105,-0.02675034456277946,0.02121671155192308,0.20491803278688525,0.7950819672131147,0.0273224043715847,0.9426229508196722
0_30,0.0,30.0,tied,0,0,train2000_2021_test2022_2024,2022-2024,428.0,-0.017130395870687286,-0.019619366694686675,0.013270229417377748,0.10046728971962617,0.8995327102803738,0.035046728971962614,0.9345794392523364
0_30,0.0,30.0,trailing,-10,-1,train2000_2009_test2010_2012,2010-2012,4529.0,-0.0018387440238715963,-0.006109503860509351,0.03366775309671364,0.4232722455288143,0.5767277544711857,0.018988739236034443,0.8717156105100463
0_30,0.0,30.0,trailing,-10,-1,train2000_2012_test2013_2015,2013-2015,4695.0,-0.0037837109086023856,-0.00470176200665642,0.025495616427721305,0.4296059637912673,0.5703940362087327,0.026411075612353566,0.8793752218672345
0_30,0.0,30.0,trailing,-10,-1,train2000_2015_test2016_2018,2016-2018,4208.0,-0.008788647325479172,-0.009059622267041118,0.022057672412056365,0.3436311787072243,0.6563688212927756,0.03231939163498099,0.8751584283903675
0_30,0.0,30.0,trailing,-10,-1,train2000_2018_test2019_2021,2019-2021,3535.0,-0.009215445026389274,-0.008729731872339693,0.020846741739657892,0.3487977369165488,0.6512022630834512,0.03224893917963225,0.9015558698727015
0_30,0.0,30.0,trailing,-10,-1,train2000_2021_test2022_2024,2022-2024,3690.0,-0.0037539264131849054,-0.0027538054459688224,0.015936714120293387,0.4037940379403794,0.5962059620596206,0.06775067750677506,0.8248419150858175
15_30,15.0,30.0,all_score,-10,10,train2000_2009_test2010_2012,2010-2012,2385.0,0.008652336115812847,0.00027259754324922687,0.0269571576457261,0.5056603773584906,0.49433962264150944,0.0389937106918239,0.8336827393431167
15_30,15.0,30.0,all_score,-10,10,train2000_2012_test2013_2015,2013-2015,2528.0,0.0036934248641922454,-0.000208789851425026,0.016702532093813432,0.49485759493670883,0.5051424050632911,0.04509493670886076,0.8521888185654007
15_30,15.0,30.0,all_score,-10,10,train2000_2015_test2016_2018,2016-2018,2383.0,-0.00511911194826409,-0.007335967854727694,0.014679840726150032,0.3185060847671003,0.6814939152328997,0.0419639110365086,0.8472513638271086
15_30,15.0,30.0,all_score,-10,10,train2000_2018_test2019_2021,2019-2021,1986.0,-0.0006831937431904344,-0.0037173835015706395,0.012635409989217156,0.38368580060422963,0.6163141993957704,0.051863041289023165,0.8784827123195702
15_30,15.0,30.0,all_score,-10,10,train2000_2021_test2022_2024,2022-2024,2124.0,0.00123017131033362,-0.001234409904537301,0.009851963557898127,0.4383239171374765,0.5616760828625236,0.0908662900188324,0.8127746390458255
15_30,15.0,30.0,leading,1,10,train2000_2009_test2010_2012,2010-2012,659.0,-0.00363472868883349,-0.004040660447655383,0.012290736514856744,0.3292867981790592,0.6707132018209409,0.08042488619119878,0.7572078907435509
15_30,15.0,30.0,leading,1,10,train2000_2012_test2013_2015,2013-2015,697.0,-0.0031375902769777433,-0.004496960530651958,0.009453913502718243,0.28263988522238165,0.7173601147776184,0.0746054519368723,0.8421807747489239
15_30,15.0,30.0,leading,1,10,train2000_2015_test2016_2018,2016-2018,700.0,-0.009834845341233404,-0.009849415145306864,0.008642028906527684,0.12571428571428572,0.8742857142857143,0.03571428571428571,0.8352380952380953
15_30,15.0,30.0,leading,1,10,train2000_2018_test2019_2021,2019-2021,588.0,-0.00560015835721628,-0.006088913023301414,0.004629472034390103,0.09013605442176871,0.9098639455782312,0.0391156462585034,0.8945578231292517
15_30,15.0,30.0,leading,1,10,train2000_2021_test2022_2024,2022-2024,626.0,-0.0037591334549913927,-0.003969045611623189,0.003158574336144556,0.12460063897763578,0.8753993610223643,0.134185303514377,0.8423855165069222
15_30,15.0,30.0,tied,0,0,train2000_2009_test2010_2012,2010-2012,101.0,-0.01029576259275084,-0.009909416984605113,0.014077222748939251,0.27722772277227725,0.7227722772277227,0.009900990099009901,0.8415841584158416
15_30,15.0,30.0,tied,0,0,train2000_2012_test2013_2015,2013-2015,124.0,0.002078272761126929,0.0013409386174468565,0.008695247144165879,0.5887096774193549,0.4112903225806452,0.12903225806451613,0.8091397849462365
15_30,15.0,30.0,tied,0,0,train2000_2015_test2016_2018,2016-2018,123.0,-0.01032433429779011,-0.011213541407160911,0.009390555635876817,0.14634146341463414,0.8536585365853658,0.04065040650406504,0.8726287262872628
15_30,15.0,30.0,tied,0,0,train2000_2018_test2019_2021,2019-2021,88.0,-0.0037484332904207033,-0.001913951250379198,0.010958086807950585,0.4431818181818182,0.5568181818181818,0.10227272727272728,0.875
15_30,15.0,30.0,tied,0,0,train2000_2021_test2022_2024,2022-2024,94.0,-0.004031669583400476,-0.00491761791020405,0.005403393982553424,0.20212765957446807,0.7978723404255319,0.06382978723404255,0.8617021276595747
15_30,15.0,30.0,trailing,-10,-1,train2000_2009_test2010_2012,2010-2012,1625.0,0.014812910685552459,0.013974655884101113,0.029526054820581054,0.5913846153846154,0.4086153846153846,0.024,0.8642051282051282
15_30,15.0,30.0,trailing,-10,-1,train2000_2012_test2013_2015,2013-2015,1707.0,0.006599983982045545,0.005389652990094226,0.018536657950124425,0.5746924428822495,0.4253075571177504,0.026947861745752782,0.859402460456942
15_30,15.0,30.0,trailing,-10,-1,train2000_2015_test2016_2018,2016-2018,1560.0,-0.0025926659712959964,-0.003917988412586615,0.016442721471255486,0.4185897435897436,0.5814102564102565,0.04487179487179487,0.8506410256410255
15_30,15.0,30.0,trailing,-10,-1,train2000_2018_test2019_2021,2019-2021,1310.0,0.001729719442461062,0.00032211576012332126,0.014394188679724343,0.5114503816793893,0.48854961832061067,0.05419847328244275,0.8715012722646309
15_30,15.0,30.0,trailing,-10,-1,train2000_2021_test2022_2024,2022-2024,1404.0,0.0038070358595533238,0.0025248421473802263,0.010994771617825295,0.594017094017094,0.405982905982906,0.07336182336182336,0.7962962962962963
30_300,30.0,300.0,all_score,-10,10,train2000_2009_test2010_2012,2010-2012,31782.0,0.0032644089120241167,0.0017615589344535166,0.011186921350543102,0.5811465609464477,0.4188534390535523,0.0925681203196778,0.8479432802634614
30_300,30.0,300.0,all_score,-10,10,train2000_2012_test2013_2015,2013-2015,35201.0,0.002038876033512494,0.000993217900799012,0.008189907635604645,0.5572000795431948,0.4427999204568052,0.11607624783386836,0.8623334564358967
30_300,30.0,300.0,all_score,-10,10,train2000_2015_test2016_2018,2016-2018,34683.0,0.000340214441533286,0.00011108469175251123,0.007063559002998732,0.5069054003402244,0.4930945996597757,0.1250180203557939,0.8259954444540551
30_300,30.0,300.0,all_score,-10,10,train2000_2018_test2019_2021,2019-2021,30289.0,-0.0003940474080216384,-0.0008113900278532475,0.005025292615435772,0.4357687609363135,0.5642312390636864,0.15041764336887978,0.871911695114838
30_300,30.0,300.0,all_score,-10,10,train2000_2021_test2022_2024,2022-2024,32347.0,1.825534162981463e-05,-0.00040577117999072906,0.004396803318946551,0.45756948094104555,0.5424305190589545,0.20759266701703405,0.872023165466143
30_300,30.0,300.0,leading,1,10,train2000_2009_test2010_2012,2010-2012,13849.0,-0.0025392468395588706,-0.002461828689821321,0.00598510794917866,0.3259441114881941,0.6740558885118059,0.12744602498375335,0.8425638433581245
30_300,30.0,300.0,leading,1,10,train2000_2012_test2013_2015,2013-2015,15287.0,-0.0024103972963450374,-0.0026110257131626846,0.0044803879732191335,0.2795839602276444,0.7204160397723556,0.1452868450317263,0.8597937245153834
30_300,30.0,300.0,leading,1,10,train2000_2015_test2016_2018,2016-2018,14957.0,-0.003733087483169622,-0.0033183482851754293,0.004708643558852384,0.20578993113592298,0.794210068864077,0.14367854516280001,0.8374228343473512
30_300,30.0,300.0,leading,1,10,train2000_2018_test2019_2021,2019-2021,13105.0,-0.0034538910029572006,-0.0032952480119355296,0.0027386912556831263,0.09278901182754674,0.9072109881724533,0.13773368943151468,0.9036754419432786
30_300,30.0,300.0,leading,1,10,train2000_2021_test2022_2024,2022-2024,14327.0,-0.0025213765558455984,-0.0021907255142264016,0.0025127489661758025,0.13910797794374258,0.8608920220562574,0.2313813080198227,0.8876014983364742
30_300,30.0,300.0,tied,0,0,train2000_2009_test2010_2012,2010-2012,2571.0,2.2676799406993914e-05,0.0008901001621238975,0.007432924398556999,0.5468689225982108,0.4531310774017892,0.10774017891870867,0.8193958252301311
30_300,30.0,300.0,tied,0,0,train2000_2012_test2013_2015,2013-2015,2674.0,0.0013187073600485772,0.0020711885990314788,0.00566852813656856,0.631637995512341,0.36836200448765893,0.11892296185489903,0.8024183495387684
30_300,30.0,300.0,tied,0,0,train2000_2015_test2016_2018,2016-2018,2535.0,-0.0016052349114083276,-0.0006325894237832946,0.00574109318306104,0.44497041420118344,0.5550295857988166,0.1940828402366864,0.7598948060486522
30_300,30.0,300.0,tied,0,0,train2000_2018_test2019_2021,2019-2021,2226.0,-0.00039155188993010304,0.0005713842099141328,0.004453650541825085,0.5557053009883198,0.4442946990116801,0.20664869721473494,0.8116202455825098
30_300,30.0,300.0,tied,0,0,train2000_2021_test2022_2024,2022-2024,2207.0,0.00011944748416161458,0.0005822636120433568,0.0033825582088734887,0.577254191209787,0.42274580879021295,0.260081558676937,0.8180033227609123
30_300,30.0,300.0,trailing,-10,-1,train2000_2009_test2010_2012,2010-2012,15362.0,0.00903900348077893,0.007546902684439267,0.012325237915835306,0.8169509178492383,0.18304908215076163,0.058586121598750165,0.8575706288243719
30_300,30.0,300.0,trailing,-10,-1,train2000_2012_test2013_2015,2013-2015,17240.0,0.006095823390030742,0.005289488510873389,0.00894883617899582,0.7918213457076566,0.2081786542923434,0.08973317865429234,0.8738785769528229
30_300,30.0,300.0,trailing,-10,-1,train2000_2015_test2016_2018,2016-2018,17191.0,0.004171061454359089,0.004120462537229917,0.0068443227322815174,0.7780233843290094,0.22197661567099064,0.09859810365889128,0.8258003218738487
30_300,30.0,300.0,trailing,-10,-1,train2000_2018_test2019_2021,2019-2021,14958.0,0.0022863707821347188,0.002350820395482395,0.005121353898093981,0.7184115523465704,0.2815884476534296,0.15316218745821633,0.8530552212862682
30_300,30.0,300.0,trailing,-10,-1,train2000_2021_test2022_2024,2022-2024,15813.0,0.0023051063589296663,0.0021289054954509337,0.00459937227956362,0.7293998608739645,0.27060013912603553,0.17871371656232213,0.8654482598705705
30_60,30.0,60.0,all_score,-10,10,train2000_2009_test2010_2012,2010-2012,3995.0,0.010186159431689983,0.002659626008583086,0.021755594917552044,0.5712140175219024,0.4287859824780976,0.05531914893617021,0.8686691697955777
30_60,30.0,60.0,all_score,-10,10,train2000_2012_test2013_2015,2013-2015,4282.0,0.006324738854010903,0.0009780114364581053,0.015782875528541494,0.528724894908921,0.47127510509107895,0.06679121905651565,0.8813638486688463
30_60,30.0,60.0,all_score,-10,10,train2000_2015_test2016_2018,2016-2018,4384.0,0.0006296659436666661,-0.002351375041288104,0.012655433734238357,0.4345346715328467,0.5654653284671532,0.046532846715328466,0.8880778588807785
30_60,30.0,60.0,all_score,-10,10,train2000_2018_test2019_2021,2019-2021,3755.0,0.00039334241984830047,-0.0018761294808838464,0.008673162926260525,0.41171770972037286,0.5882822902796272,0.07909454061251664,0.8801597869507323
30_60,30.0,60.0,all_score,-10,10,train2000_2021_test2022_2024,2022-2024,4093.0,0.0019185849945295489,2.6068211734441796e-05,0.007652494283048767,0.5008551184949914,0.4991448815050086,0.11580747617884192,0.8692075901946411
30_60,30.0,60.0,leading,1,10,train2000_2009_test2010_2012,2010-2012,1576.0,-0.003485046566334385,-0.004116131616492542,0.008821979298416506,0.30647208121827413,0.6935279187817259,0.08692893401015228,0.8411590524534686
30_60,30.0,60.0,leading,1,10,train2000_2012_test2013_2015,2013-2015,1683.0,-0.003788416004649712,-0.004285439192809023,0.005781795412304441,0.21687462863933452,0.7831253713606655,0.0944741532976827,0.873836403248168
30_60,30.0,60.0,leading,1,10,train2000_2015_test2016_2018,2016-2018,1708.0,-0.007963004980696648,-0.007722337076796745,0.005568860630977819,0.06381733021077284,0.9361826697892272,0.04215456674473068,0.9121779859484778
30_60,30.0,60.0,leading,1,10,train2000_2018_test2019_2021,2019-2021,1522.0,-0.005179348551141345,-0.005269451569406353,0.0030002269528229793,0.04204993429697766,0.9579500657030223,0.06898817345597898,0.9167761717038984
30_60,30.0,60.0,leading,1,10,train2000_2021_test2022_2024,2022-2024,1620.0,-0.003713339849163711,-0.003542764311734154,0.0028662523810939417,0.08950617283950617,0.9104938271604939,0.1339506172839506,0.8831275720164609
30_60,30.0,60.0,tied,0,0,train2000_2009_test2010_2012,2010-2012,254.0,-0.004605130359119023,-0.003428905454789059,0.01075740666378159,0.36220472440944884,0.6377952755905512,0.08661417322834646,0.7874015748031497
30_60,30.0,60.0,tied,0,0,train2000_2012_test2013_2015,2013-2015,275.0,9.728277355638535e-05,0.00017433923555473506,0.0069697316090547076,0.5054545454545455,0.49454545454545457,0.09818181818181818,0.7878787878787878
30_60,30.0,60.0,tied,0,0,train2000_2015_test2016_2018,2016-2018,279.0,-0.008336240289564789,-0.007618860503973648,0.008309183567021445,0.16487455197132617,0.8351254480286738,0.0931899641577061,0.8470728793309439
30_60,30.0,60.0,tied,0,0,train2000_2018_test2019_2021,2019-2021,213.0,-0.005030225541719546,-0.004049064478880884,0.007088541800400601,0.26291079812206575,0.7370892018779343,0.1596244131455399,0.8685446009389671
30_60,30.0,60.0,tied,0,0,train2000_2021_test2022_2024,2022-2024,245.0,-0.00022445376577580174,0.00019794113271163618,0.004992481820224372,0.5142857142857142,0.4857142857142857,0.13877551020408163,0.8734693877551021
30_60,30.0,60.0,trailing,-10,-1,train2000_2009_test2010_2012,2010-2012,2165.0,0.02187336878954305,0.02213577684501049,0.02247077482763925,0.7884526558891455,0.2115473441108545,0.028637413394919167,0.8982294072363357
30_60,30.0,60.0,trailing,-10,-1,train2000_2012_test2013_2015,2013-2015,2324.0,0.01438540582873156,0.012507212908042086,0.016894750917630097,0.7573149741824441,0.24268502581755594,0.043029259896729774,0.8978772231784281
30_60,30.0,60.0,trailing,-10,-1,train2000_2015_test2016_2018,2016-2018,2397.0,0.007796027970318362,0.008040358349196912,0.012227171935237383,0.7300792657488527,0.26992073425114727,0.04422194409678765,0.8756779307467668
30_60,30.0,60.0,trailing,-10,-1,train2000_2018_test2019_2021,2019-2021,2020.0,0.005164063030571167,0.005097433383979532,0.008861399259253947,0.7059405940594059,0.29405940594059404,0.07821782178217822,0.8537953795379537
30_60,30.0,60.0,trailing,-10,-1,train2000_2021_test2022_2024,2022-2024,2228.0,0.006249268451916395,0.005589871245199033,0.007520450392874979,0.7984739676840216,0.20152603231597846,0.10008976660682226,0.8586175942549371
